retailer_key,july_name,july_value,august_raw_dealer_id,august_name,august_value,august_as_pct_of_july,ratio
RET#9722,Chaibasa sanitary stores,2069776,RET#9722,CHAIBASA SANITARY STORES,236048,11.40,0.1140
RET#9539,Saif Rubber & Plastic Co,1640954,RET#9539,SAIF RUBBER & PLASTIC CO,273581,16.67,0.1667
RET#9690,Ayan Enterprise,1611944,RET#9690,AYAN ENTERPRISE,460499,28.57,0.2857
RET#79178,NANDI TRADERS,791016,RET#79178,NANDI TRADERS,205440,25.97,0.2597
RET#93816,NARSINGH SANITATION AND PAINT,757410,RET#93816,NARSINGH SANITATION AND PAINT,83250,10.99,0.1099
RET#22423,Jai mata di hardware,751927,RET#22423,JAI MATA DI HARDWARE,617986,82.19,0.8219
RET#9664,Bengal hardware,668057,RET#9664,BENGAL HARDWARE,225976,33.83,0.3383
RET#66641,Satyabhama Marble House,639998,RET#66641,SATYABHAMA MARBLE HOUSE,193629,30.25,0.3025
RET#12967,Akash Steel Industries (P) Ltd,628332,RET#12967,AKASH STEEL INDUSTRIES (P) LTD,252112,40.12,0.4012
RET#9639,Vineet Enterprise,598975,RET#9639,VINEET ENTERPRISE,212752,35.52,0.3552
RET#9625,Debu work shop,579303,RET#9625,DEBU WORK SHOP,168948,29.16,0.2916
RET#68198,GANESH PIPE STORE,548390,RET#68198,GANESH PIPE STORE,24637,4.49,0.0449
RET#21524,Shree Mahavir Hardware,542144,RET#21524,SHREE MAHAVIR HARDWARE,38490,7.10,0.0710
RET#9461,Rana Enterprise,538094,RET#9461,RANA ENTERPRISE,85034,15.80,0.1580
RET#10366,Bihar hardware,535505,RET#10366,BIHAR HARDWARE,142532,26.62,0.2662
RET#30916,L K ENTERPRISE,484096,RET#30916,L K ENTERPRISE,579413,119.69,1.1969
RET#90658,Balaji Steel,459893,RET#90658,BALAJI STEEL,156080,33.94,0.3394
RET#26859,Sri Ram Motors,449042,RET#26859,SRI  RAM MOTORS,5694,1.27,0.0127
RET#16624,Sri Ram Enterprises,438602,RET#16624,SRI RAM ENTERPRISES,347192,79.16,0.7916
RET#17420,Rajkumar Sanitary House,413312,RET#17420,RAJKUMAR SANITARY HOUSE,519456,125.68,1.2568
RET#42861,New Das Supplier,412259,RET#42861,NEW DAS SUPPLIER,264917,64.26,0.6426
RET#79907,RAJEEV ELECTRONICS,408110,RET#79907,RAJEEV ELECTRONICS,171382,41.99,0.4199
RET#9278,Satyam Sales,401291,RET#9278,SATYAM SALES,324950,80.98,0.8098
RET#11763,SRI SRINIVASA SANITARY STORES,395106,RET#11763,SRI SRINIVASA SANITARY STORES,205514,52.01,0.5201
RET#16602,S.K. Sanitary House.,383561,RET#16602,S.K. SANITARY HOUSE.,12376,3.23,0.0323
RET#22664,ROY TECNO,378659,RET#22664,ROY TECNO,77106,20.36,0.2036
RET#25897,Rana hardware,378523,RET#25897,RANA HARDWARE,344418,90.99,0.9099
RET#36753,Malviya hardware,377482,RET#36753,MALVIYA HARDWARE,6415,1.70,0.0170
RET#16518,Milind Enterprises,355644,RET#16518,MILIND ENTERPRISES,8074,2.27,0.0227
RET#10369,S.D. ELECTRIC,355014,RET#10369,S.D. ELECTRIC,103095,29.04,0.2904
RET#80293,Navrang Tiles & Sanitary,344193,RET#80293,NAVRANG TILES & SANITARY,13661,3.97,0.0397
RET#57672,REYAJ HARDWARE AND SANITARY,341070,RET#57672,REYAJ HARDWARE AND SANITARY,13362,3.92,0.0392
RET#90563,Sri maha lakshmi Ganapathi industries,333445,RET#90563,SRI MAHA LAKSHMI GANAPATHI INDUSTRIES,83970,25.18,0.2518
RET#9877,Majumdar Enterprise,329650,RET#9877,MAJUMDAR ENTERPRISE,50213,15.23,0.1523
RET#36268,J J International,329427,RET#36268,J J INTERNATIONAL,114523,34.76,0.3476
RET#9447,Baladev Traders,323332,RET#9447,BALADEV TRADERS,9202,2.85,0.0285
RET#94153,Laxmi Commercial Enterprises,320218,RET#94153,LAXMI COMMERCIAL ENTERPRISES,170569,53.27,0.5327
RET#35864,MA TARA PIPE FITTING,317599,RET#35864,MA TARA PIPE FITTING,185571,58.43,0.5843
RET#22801,Om Enterprises,316525,RET#22801,OM ENTERPRISES,16808,5.31,0.0531
RET#78085,JAI JAGDAMBA MARBLE AND TILES STORE,315280,RET#78085,JAI JAGDAMBA MARBLE AND TILES STORE,54213,17.20,0.1720
RET#9560,Pal Enterprise,309549,RET#9560,PAL ENTERPRISE,61040,19.72,0.1972
RET#41683,Ambika Agency,303697,RET#41683,AMBIKA AGENCY,108403,35.69,0.3569
RET#21232,M/S Jaiswal Enterprises,303164,RET#21232,M/S JAISWAL ENTERPRISES,23495,7.75,0.0775
RET#9924,Joyshree Trading,302196,RET#9924,JOYSHREE TRADING,341804,113.11,1.1311
RET#16021,Bhurani Cement Depot,299879,RET#16021,BHURANI CEMENT  DEPOT,10105,3.37,0.0337
RET#76472,ANAND MARBLE,298520,RET#76472,ANAND MARBLE,38332,12.84,0.1284
RET#52241,Alif traders,290331,RET#52241,ALIF TRADERS,413953,142.58,1.4258
RET#16633,Steel Co,287288,RET#16633,STEEL CO,48043,16.72,0.1672
RET#42325,Dey's Enterprise,280454,RET#42325,DEY'S ENTERPRISE,59997,21.39,0.2139
RET#9426,Amit Enterprise,274775,RET#9426,AMIT ENTERPRISE,73055,26.59,0.2659
RET#22879,Abhishek Enterprises,272335,RET#22879,ABHISHEK ENTERPRISES,452715,166.23,1.6623
RET#48299,Daniji traders,270685,RET#48299,DANIJI TRADERS,301867,111.52,1.1152
RET#68752,New Tushar Hardware,256682,RET#68752,NEW TUSHAR HARDWARE,287677,112.08,1.1208
RET#16636,KARNI ENTERPRISES,252856,RET#16636,KARNI ENTERPRISES,50900,20.13,0.2013
RET#42873,R K Enterprises,247794,RET#42873,R K ENTERPRISES,168702,68.08,0.6808
RET#88948,Jai shree shyam international,242708,RET#88948,JAI SHREE SHYAM INTERNATIONAL,72500,29.87,0.2987
RET#92081,Arihant Trading,240731,RET#92081,ARIHANT TRADING,6587,2.74,0.0274
RET#37481,Anjay plumber,235824,RET#37481,ANJAY PLUMBER,93572,39.68,0.3968
RET#17402,Bhagwati Traders,233990,RET#17402,BHAGWATI TRADERS,44728,19.12,0.1912
RET#21423,Riddhi Traders,229695,RET#21423,RIDDHI TRADERS,6300,2.74,0.0274
RET#44153,Bhunia enterprise,227503,RET#44153,BHUNIA ENTERPRISE,171017,75.17,0.7517
RET#88871,RAMAWATI TRADING COMPANY,225031,RET#88871,RAMAWATI TRADING COMPANY,17338,7.70,0.0770
RET#9828,Hari Charan Hardware,223037,RET#9828,HARI CHARAN HARDWARE,338350,151.70,1.5170
RET#9463,R.S. Pipe Fittings,222633,RET#9463,R.S. PIPE FITTINGS,111652,50.15,0.5015
RET#30908,Kalita Enterprise,222192,RET#30908,KALITA ENTERPRISE,170719,76.83,0.7683
RET#9553,Pal Agencies,221287,RET#9553,PAL AGENCIES,29676,13.41,0.1341
RET#28652,Vidhya traders,221221,RET#28652,VIDHYA TRADERS,83381,37.69,0.3769
RET#15460,Niyati Enterprises,216958,RET#15460,NIYATI ENTERPRISES,46147,21.27,0.2127
RET#9648,B Chowdhury & Son's,215325,RET#9648,B CHOWDHURY & SON'S,245579,114.05,1.1405
RET#42166,MAA SARALA HARDWARE STORE,213585,RET#42166,MAA SARALA HARDWARE STORE,14707,6.89,0.0689
RET#37508,New galaxy house,213239,RET#37508,NEW GALAXY HOUSE,15199,7.13,0.0713
RET#39872,Harsh Enterprises,212928,RET#39872,HARSH ENTERPRISES,3483,1.64,0.0164
RET#90576,PD ENTERPRISE,212787,RET#90576,PD ENTERPRISE,4617,2.17,0.0217
RET#70972,JOY TARA MAA HARDWARE & MARBLE TILES,212324,RET#70972,JOY TARA MAA HARDWARE & MARBLE TILES,144634,68.12,0.6812
RET#93558,NEW AFRIN HARDWARE,210493,RET#93558,NEW AFRIN HARDWARE,27058,12.85,0.1285
RET#10364,Das Suppliers,206145,RET#10364,DAS SUPPLIERS,95251,46.21,0.4621
RET#15280,City Centre,204841,RET#15280,CITY CENTRE,112158,54.75,0.5475
RET#9679,Partha Sarathi Sanitation,204757,RET#9679,PARTHA SARATHI SANITATION,178657,87.25,0.8725
RET#67472,Krishna Trading Company,203334,RET#67472,KRISHNA TRADING COMPANY,152947,75.22,0.7522
RET#16623,JHADESWAR HARDWARE STORE,201042,RET#16623,JHADESWAR HARDWARE STORE,10348,5.15,0.0515
RET#17151,Gaurav Enterprises,200647,RET#17151,GAURAV ENTERPRISES,93887,46.79,0.4679
RET#21174,Gupta enterprises,199540,RET#21174,GUPTA ENTERPRISES,143756,72.04,0.7204
RET#35304,GREEN BRICKS ENTERPRISES,197035,RET#35304,GREEN BRICKS ENTERPRISES,42756,21.70,0.2170
RET#17734,"Grih Rachna Pipe Stores,",196858,RET#17734,"GRIH RACHNA PIPE STORES,",282336,143.42,1.4342
RET#65034,LAXMI NARAYAN HARDWARE,196230,RET#65034,LAXMI NARAYAN HARDWARE,75593,38.52,0.3852
RET#38365,Shree Braj nirmal enterprises,195717,RET#38365,SHREE BRAJ NIRMAL ENTERPRISES,64666,33.04,0.3304
RET#60380,Shakti auto parts & hardware,195036,RET#60380,SHAKTI AUTO PARTS & HARDWARE,182976,93.82,0.9382
RET#86861,SHIVAM CERAMICS AND HARDWARE,195035,RET#86861,SHIVAM CERAMICS AND HARDWARE,20704,10.62,0.1062
RET#52977,Lokenath plumbing and tiles center,192144,RET#52977,LOKENATH PLUMBING AND TILES CENTER,181018,94.21,0.9421
RET#13675,Pareek Enterprise,191934,RET#13675,PAREEK ENTERPRISE,170419,88.79,0.8879
RET#10215,Om Hardware and sanitary,190082,RET#10215,OM HARDWARE AND SANITARY,17310,9.11,0.0911
RET#94164,LAXMI NARSIHMA TRADERS,188690,RET#94164,LAXMI NARSIHMA TRADERS,204162,108.20,1.0820
RET#16253,Akshay Associates,182286,RET#16253,AKSHAY ASSOCIATES,26290,14.42,0.1442
RET#17406,Neelam Traders,179852,RET#17406,NEELAM TRADERS,52749,29.33,0.2933
RET#49466,Swastik Hardware,175849,RET#49466,SWASTIK HARDWARE,170431,96.92,0.9692
RET#9542,SAIJAL BATHING SOLUTIONS PVT. LTD,175086,RET#9542,SAIJAL BATHING SOLUTIONS PVT. LTD,100597,57.46,0.5746
RET#25309,R.s hardware,174387,RET#25309,R.S HARDWARE,143966,82.56,0.8256
RET#10435,Shree Binayak Agencies,173996,RET#10435,SHREE BINAYAK AGENCIES,6290,3.62,0.0362
RET#34247,Shri krishan kripa sanitary store,173584,RET#34247,SHRI KRISHAN KRIPA SANITARY STORE,22080,12.72,0.1272
RET#9977,Jaiswal Agencies,172493,RET#9977,JAISWAL AGENCIES,18305,10.61,0.1061
RET#44048,NAMO BK AND SONS,170659,RET#44048,NAMO BK AND SONS,31200,18.28,0.1828
RET#35855,Bihari Lal Enterprises,168127,RET#35855,BIHARI LAL ENTERPRISES,60210,35.81,0.3581
RET#91490,LAXMI BATH & TILES,167806,RET#91490,LAXMI BATH & TILES,3183,1.90,0.0190
RET#17394,Agarwal H/W Store,167778,RET#17394,AGARWAL H/W STORE,160644,95.75,0.9575
RET#62127,Ma Janki Pipe & Sanitary Stores,166772,RET#62127,MA JANKI PIPE & SANITARY STORES,67363,40.39,0.4039
RET#32175,Satguru sales,166373,RET#32175,SATGURU SALES,123735,74.37,0.7437
RET#64461,Abhishek Marbles and tiles,162654,RET#64461,ABHISHEK MARBLES AND TILES,22126,13.60,0.1360
RET#10838,Aka Traders,161922,RET#10838,AKA TRADERS,84276,52.05,0.5205
RET#71499,Light Electricals,160582,RET#71499,LIGHT ELECTRICALS,79058,49.23,0.4923
RET#52675,Barnawal Hardware And Machinery Store,159755,RET#52675,BARNAWAL HARDWARE AND MACHINERY STORE,57400,35.93,0.3593
RET#67595,Maa Ranju enterprises,157598,RET#67595,MAA RANJU ENTERPRISES,141896,90.04,0.9004
RET#34286,SHREE RAM TILES,157369,RET#34286,SHREE RAM TILES,80765,51.32,0.5132
RET#23633,Ghar Bari,156240,RET#23633,GHAR BARI,177655,113.71,1.1371
RET#20442,Swami Hardware,155727,RET#20442,SWAMI HARDWARE,41053,26.36,0.2636
RET#77829,Subash Chandra Nayak.,154731,RET#77829,SUBASH CHANDRA NAYAK.,6758,4.37,0.0437
RET#17407,Hakimi Hardware,154467,RET#17407,HAKIMI HARDWARE,41505,26.87,0.2687
RET#88677,Shivparvati Hardware and Sanitary,154219,RET#88677,SHIVPARVATI HARDWARE AND SANITARY,12816,8.31,0.0831
RET#36883,M K Sanitary,153430,RET#36883,M K SANITARY,190973,124.47,1.2447
RET#9302,Kar Hardware,151658,RET#9302,KAR HARDWARE,150439,99.20,0.9920
RET#36539,Shakeel Traders,150632,RET#36539,SHAKEEL TRADERS,52606,34.92,0.3492
RET#37322,Khirachara Traders,150048,RET#37322,KHIRACHARA TRADERS,2205,1.47,0.0147
RET#18409,Ganesh tube traders,149939,RET#18409,GANESH TUBE TRADERS,15908,10.61,0.1061
RET#45335,Shri Lakshman Enterprises (Converted as a Retailer),148795,RET#45335,SHRI LAKSHMAN ENTERPRISES (CONVERTED AS A RETAILER),68844,46.27,0.4627
RET#9527,Baman Sanitary,147709,RET#9527,BAMAN SANITARY,20030,13.56,0.1356
RET#10140,Neha enterprise,147537,RET#10140,NEHA ENTERPRISE,64480,43.70,0.4370
RET#22553,KAR HARDWARE,147196,RET#22553,KAR HARDWARE,54118,36.77,0.3677
RET#13106,Balaji Sanitary Store,145841,RET#13106,BALAJI SANITARY STORE,134970,92.55,0.9255
RET#76809,S. J enterprises,142301,RET#76809,S. J ENTERPRISES,72132,50.69,0.5069
RET#63287,Navkar agency,137060,RET#63287,NAVKAR AGENCY,24616,17.96,0.1796
RET#52766,M.M. Enterprise,136598,RET#52766,M.M. ENTERPRISE,73525,53.83,0.5383
RET#90590,M/s krishna enterprises,136238,RET#90590,M/S KRISHNA ENTERPRISES,36355,26.68,0.2668
RET#9350,Ram Krishna Enterprise,135787,RET#9350,RAM KRISHNA ENTERPRISE,60507,44.56,0.4456
RET#23017,Anjay Enterprises,135212,RET#23017,ANJAY ENTERPRISES,159189,117.73,1.1773
RET#17787,Naveen Hardware & Building Materials,134637,RET#17787,NAVEEN HARDWARE & BUILDING MATERIALS,65200,48.43,0.4843
RET#84212,Rinku Water Supply,134424,RET#84212,RINKU WATER SUPPLY,49453,36.79,0.3679
RET#50159,Kamala hardware,133570,RET#50159,KAMALA HARDWARE,8160,6.11,0.0611
RET#23791,Hari Om Traders,131506,RET#23791,HARI OM TRADERS,35010,26.62,0.2662
RET#9907,Kundu Enterprise,130498,RET#9907,KUNDU ENTERPRISE,16368,12.54,0.1254
RET#42777,Kalimata Enterprise,130041,RET#42777,KALIMATA ENTERPRISE,111536,85.77,0.8577
RET#75792,Karmakar Enterprise,130020,RET#75792,KARMAKAR ENTERPRISE,65920,50.70,0.5070
RET#9610,Puja Enterprise,128896,RET#9610,PUJA ENTERPRISE,52015,40.35,0.4035
RET#17768,Modern Sanitary & Tiles,126298,RET#17768,MODERN SANITARY & TILES,58477,46.30,0.4630
RET#41688,Mansi trading company,126141,RET#41688,MANSI TRADING COMPANY,27769,22.01,0.2201
RET#17448,Agrawal Engineers,123572,RET#17448,AGRAWAL ENGINEERS,120786,97.75,0.9775
RET#40005,Tejas Hardware Mart,122812,RET#40005,TEJAS HARDWARE MART,23421,19.07,0.1907
RET#76146,Sri Durga Sanitary and paints,122727,RET#76146,SRI DURGA SANITARY AND PAINTS,54164,44.13,0.4413
RET#79822,SHAHZEE ENTERPRISES,121421,RET#79822,SHAHZEE ENTERPRISES,318970,262.70,2.6270
RET#76365,Globe Trading,121184,RET#76365,GLOBE TRADING,43890,36.22,0.3622
RET#46262,SHIVA ENTERPRISES,120514,RET#46262,SHIVA ENTERPRISES,101460,84.19,0.8419
RET#24033,Maa laxmi enterprises,119482,RET#24033,MAA LAXMI ENTERPRISES,150553,126.00,1.2600
RET#80815,Maa Durga Hardware,118022,RET#80815,MAA DURGA HARDWARE,89508,75.84,0.7584
RET#9465,Anadi hardware,117427,RET#9465,ANADI HARDWARE,154637,131.69,1.3169
RET#83184,M.S. CONSTRUCTION,116410,RET#83184,M.S. CONSTRUCTION,30896,26.54,0.2654
RET#9283,Pathak Hardware,116357,RET#9283,PATHAK HARDWARE,65430,56.23,0.5623
RET#55784,Gopal Hardware,114253,RET#55784,GOPAL HARDWARE,178542,156.27,1.5627
RET#87191,Indranath Dey(Project),114088,RET#87191,INDRANATH DEY(PROJECT),42759,37.48,0.3748
RET#52043,Tushar Enterprises,113770,RET#52043,TUSHAR ENTERPRISES,37265,32.75,0.3275
RET#88855,ISMILE SANITARY HOUSE,113537,RET#88855,ISMILE SANITARY HOUSE,14542,12.81,0.1281
RET#28492,Ashok hardware,113506,RET#28492,ASHOK HARDWARE,565100,497.86,4.9786
RET#29186,Sudha Hardware,112477,RET#29186,SUDHA HARDWARE,338549,300.99,3.0099
RET#29793,M.R.ENTERPRISERS,111702,RET#29793,M.R.ENTERPRISERS,12098,10.83,0.1083
RET#59019,Neha Enterprise,111645,RET#59019,NEHA ENTERPRISE,193563,173.37,1.7337
RET#18357,Agrawal hardware & electricals,111568,RET#18357,AGRAWAL HARDWARE & ELECTRICALS,135588,121.53,1.2153
RET#25812,Sriram Traders,109700,RET#25812,SRIRAM TRADERS,41965,38.25,0.3825
RET#28937,MAA HARDWARE,109250,RET#28937,MAA HARDWARE,93733,85.80,0.8580
RET#87330,NOVELTY HARDWARE & SANITARY PLUMBING,107831,RET#87330,NOVELTY HARDWARE & SANITARY PLUMBING,60486,56.09,0.5609
RET#51126,Shri Sanwariya Seth Electrical & Nal Fitting,105336,RET#51126,SHRI SANWARIYA SETH ELECTRICAL & NAL FITTING,161436,153.26,1.5326
RET#59550,Sohail hardware and electricals,104624,RET#59550,SOHAIL HARDWARE AND ELECTRICALS,25503,24.38,0.2438
RET#13055,Shree Ram And Sons,103542,RET#13055,SHREE RAM AND SONS,20108,19.42,0.1942
RET#37430,Ghoramari Hardware,103415,RET#37430,GHORAMARI HARDWARE,178259,172.37,1.7237
RET#88022,RADHE KRISHNA TRADERS,101906,RET#88022,RADHE KRISHNA TRADERS,141694,139.04,1.3904
RET#29770,Uttam Hardware,101058,RET#29770,UTTAM HARDWARE,14856,14.70,0.1470
RET#50288,Shri Shyam Traders,100860,RET#50288,SHRI SHYAM TRADERS,61134,60.61,0.6061
RET#35966,SRI MAHADEV ELECTRICALS,100286,RET#35966,SRI MAHADEV ELECTRICALS,19137,19.08,0.1908
RET#15510,Jyotirling Enterprises,98619,RET#15510,JYOTIRLING ENTERPRISES,5589,5.67,0.0567
RET#16617,Maa Tarini Agencies,97544,RET#16617,MAA TARINI AGENCIES,78165,80.13,0.8013
RET#59935,Riddhi Siddhi Hardware Electronic And Sanitary Store,95856,RET#59935,RIDDHI SIDDHI HARDWARE ELECTRONIC AND SANITARY STORE,19906,20.77,0.2077
RET#56222,Shri balaji traders,93968,RET#56222,SHRI BALAJI TRADERS,33427,35.57,0.3557
RET#10135,Swami traders,93926,RET#10135,SWAMI TRADERS,277942,295.92,2.9592
RET#51866,Baba Vishwanath hardware,93551,RET#51866,BABA VISHWANATH HARDWARE,71335,76.25,0.7625
RET#33094,S.S enterprises,92761,RET#33094,S.S ENTERPRISES,65140,70.22,0.7022
RET#16625,Jaga Balia Hardware Store,92564,RET#16625,JAGA BALIA HARDWARE STORE,5106,5.52,0.0552
RET#35313,Venkataramana iron and cement Traders,91509,RET#35313,VENKATARAMANA IRON AND CEMENT TRADERS,12423,13.58,0.1358
RET#9472,Durga Madhab Traders,90896,RET#9472,DURGA MADHAB TRADERS,63024,69.34,0.6934
RET#37129,Jangra paints HW and sanitary store,90524,RET#37129,JANGRA PAINTS HW AND SANITARY STORE,13533,14.95,0.1495
RET#94595,N.S. TRADING,90372,RET#94595,N.S. TRADING,42646,47.19,0.4719
RET#27237,Friends electricals,89460,RET#27237,FRIENDS ELECTRICALS,29880,33.40,0.3340
RET#78784,SHAIL HARDWARE,88783,RET#78784,SHAIL HARDWARE,8926,10.05,0.1005
RET#36216,Verma machinery store,88657,RET#36216,VERMA MACHINERY STORE,15170,17.11,0.1711
RET#17306,Ajay Iron Store,88583,RET#17306,AJAY IRON STORE,70395,79.47,0.7947
RET#93723,Mamco enterprises,88511,RET#93723,MAMCO ENTERPRISES,29270,33.07,0.3307
RET#37211,Jay shriram traders,88449,RET#37211,JAY SHRIRAM TRADERS,23782,26.89,0.2689
RET#17408,Jain H/W,88328,RET#17408,JAIN H/W,47641,53.94,0.5394
RET#32419,Maa Sharda building materials,88062,RET#32419,MAA SHARDA BUILDING MATERIALS,19376,22.00,0.2200
RET#25813,Pooja Hardwares,88033,RET#25813,POOJA HARDWARES,34464,39.15,0.3915
RET#11518,Badam Subrahmanyam & Sons,87085,RET#11518,BADAM SUBRAHMANYAM & SONS,37661,43.25,0.4325
RET#48954,CHAND SANITARY,85448,RET#48954,CHAND SANITARY,111200,130.14,1.3014
RET#92880,Ashoka pipe company,85320,RET#92880,ASHOKA PIPE COMPANY,13054,15.30,0.1530
RET#56068,Geetanjali enterprises,85257,RET#56068,GEETANJALI ENTERPRISES,61927,72.64,0.7264
RET#10018,Mishra Pipes N Fitting,85209,RET#10018,MISHRA PIPES N FITTING,89018,104.47,1.0447
RET#43551,Shree hari hardware paint and tiles,85062,RET#43551,SHREE HARI HARDWARE PAINT AND TILES,5028,5.91,0.0591
RET#47433,EKJAN ENTERPRISES,84426,RET#47433,EKJAN ENTERPRISES,31124,36.87,0.3687
RET#77650,Jai bajrang hardware,84159,RET#77650,JAI BAJRANG HARDWARE,39422,46.84,0.4684
RET#9957,Shyamalai Traders,83930,RET#9957,SHYAMALAI TRADERS,41428,49.36,0.4936
RET#92054,Hariom enterprises,83830,RET#92054,HARIOM ENTERPRISES,17415,20.77,0.2077
RET#9883,Maa Tarini Hardware,83489,RET#9883,MAA TARINI  HARDWARE,14213,17.02,0.1702
RET#16620,Mahavir Traders,82822,RET#16620,MAHAVIR TRADERS,47527,57.38,0.5738
RET#66441,LONGOWAL SANITARY STORE,82381,RET#66441,LONGOWAL SANITARY  STORE,8165,9.91,0.0991
RET#50044,SRI VENKATESHWARA ELECTRICAL,82290,RET#50044,SRI VENKATESHWARA ELECTRICAL,18525,22.51,0.2251
RET#29798,Sri Rajendra pipe Sanitary,81324,RET#29798,SRI RAJENDRA PIPE SANITARY,36265,44.59,0.4459
RET#64137,Lakhan hardware & sanitary store,81197,RET#64137,LAKHAN HARDWARE & SANITARY STORE,30681,37.79,0.3779
RET#17470,Shri Maa Kripa Traders,80209,RET#17470,SHRI MAA KRIPA TRADERS,17519,21.84,0.2184
RET#9595,M/s. Anandamoyee Sanitations,79182,RET#9595,M/S. ANANDAMOYEE SANITATIONS,2322,2.93,0.0293
RET#33420,Verma loha bhandaar,78878,RET#33420,VERMA LOHA BHANDAAR,138469,175.55,1.7555
RET#33137,Jaiswal krishi kendra,77205,RET#33137,JAISWAL KRISHI KENDRA,54164,70.16,0.7016
RET#17005,Indian Electricals,76386,RET#17005,INDIAN ELECTRICALS,5712,7.48,0.0748
RET#24107,Kamala Hardware,76012,RET#24107,KAMALA HARDWARE,71862,94.54,0.9454
RET#30087,SHIV SAKTI SANITATION,75781,RET#30087,SHIV SAKTI SANITATION,75781,100.00,1.0000
RET#63665,SUNITA SANITATION,75191,RET#63665,SUNITA SANITATION,151742,201.81,2.0181
RET#9813,Samanta Enterprise,74976,RET#9813,SAMANTA ENTERPRISE,491751,655.88,6.5588
RET#38268,Om traders,74829,RET#38268,OM TRADERS,38851,51.92,0.5192
RET#36665,Nandan Enterprise,74381,RET#36665,NANDAN ENTERPRISE,15415,20.72,0.2072
RET#9817,Ratan Kumar Bera,72088,RET#9817,RATAN KUMAR BERA,22963,31.85,0.3185
RET#55565,Sainik Electricals and Plumbing,71769,RET#55565,SAINIK ELECTRICALS AND PLUMBING,26000,36.23,0.3623
RET#45118,D. B. TILES,71211,RET#45118,D. B. TILES,71811,100.84,1.0084
RET#35234,Gurukrupa Electrical,71167,RET#35234,GURUKRUPA ELECTRICAL,101166,142.15,1.4215
RET#77206,Sm traders,70227,RET#77206,SM TRADERS,1737,2.47,0.0247
RET#16658,G bhaskaran bror,70198,RET#16658,G BHASKARAN BROR,53615,76.38,0.7638
RET#23697,Sri Lakshmi Electricals,70001,RET#23697,SRI LAKSHMI ELECTRICALS,25800,36.86,0.3686
RET#82029,Mahaveer Bath Solutions,69967,RET#82029,MAHAVEER BATH SOLUTIONS,135253,193.31,1.9331
RET#84717,Chandrika Traders & Hardware,69748,RET#84717,CHANDRIKA TRADERS & HARDWARE,55088,78.98,0.7898
RET#51731,Pradeep hardware and Electronics,69362,RET#51731,PRADEEP HARDWARE AND ELECTRONICS,20474,29.52,0.2952
RET#90393,Shri mahaveer enterprises,69142,RET#90393,SHRI MAHAVEER ENTERPRISES,55351,80.05,0.8005
RET#37618,Basanti Enterprises,67121,RET#37618,BASANTI ENTERPRISES,58000,86.41,0.8641
RET#35520,PIPE SANITARY STORES,66983,RET#35520,PIPE SANITARY STORES,69317,103.48,1.0348
RET#59004,Mehto Hardware,66665,RET#59004,MEHTO HARDWARE,13445,20.17,0.2017
RET#88418,Mohan Lal and Sons,66549,RET#88418,MOHAN LAL AND SONS,18600,27.95,0.2795
RET#9888,Shri Bihariji Enterprises,65999,RET#9888,SHRI BIHARIJI ENTERPRISES,20249,30.68,0.3068
RET#93733,PATTANAIK ENGINEERING,65209,RET#93733,PATTANAIK ENGINEERING,1139,1.75,0.0175
RET#70501,Jai Guru Borewell,64597,RET#70501,JAI GURU BOREWELL,200712,310.71,3.1071
RET#9566,Ganga Prasad & Brothers,63844,RET#9566,GANGA PRASAD & BROTHERS,26369,41.30,0.4130
RET#93484,Maa Dayamoyee Bhander,63316,RET#93484,MAA DAYAMOYEE BHANDER,73222,115.65,1.1565
RET#16557,Shree Ganesh Hardware Centre,63112,RET#16557,SHREE GANESH HARDWARE CENTRE,134929,213.79,2.1379
RET#65717,Kagzi enterprises,62710,RET#65717,KAGZI ENTERPRISES,124236,198.11,1.9811
RET#9507,Mohata Commercial Enterprise,61691,RET#9507,MOHATA COMMERCIAL ENTERPRISE,32179,52.16,0.5216
RET#17348,Maa Durga Ply & Hardware,61520,RET#17348,MAA DURGA PLY & HARDWARE,18818,30.59,0.3059
RET#11350,Sai sri enterprises,61493,RET#11350,SAI SRI ENTERPRISES,24289,39.50,0.3950
RET#90640,Anil Kumar Ajay Kumar,61480,RET#90640,ANIL KUMAR AJAY KUMAR,106014,172.44,1.7244
RET#86389,Jeriya enterprises,61295,RET#86389,JERIYA ENTERPRISES,34182,55.77,0.5577
RET#47398,Vaibhav enterprises,60900,RET#47398,VAIBHAV ENTERPRISES,36000,59.11,0.5911
RET#81609,Anmol enterprises,60843,RET#81609,ANMOL ENTERPRISES,5253,8.63,0.0863
RET#46622,Raj marbal tiles & sanitary,60814,RET#46622,RAJ MARBAL TILES & SANITARY,42671,70.17,0.7017
RET#73748,Pradhan Enterprises,60757,RET#73748,PRADHAN ENTERPRISES,104812,172.51,1.7251
RET#46038,KRISHNAKALI ENTERPRISE,60566,RET#46038,KRISHNAKALI ENTERPRISE,10425,17.21,0.1721
RET#21794,J.k traders,60512,RET#21794,J.K TRADERS,4985,8.24,0.0824
RET#71263,Shree Aurobindo Sanitary,60156,RET#71263,SHREE AUROBINDO SANITARY,107586,178.85,1.7885
RET#9427,Grihasthi Sanitary,59846,RET#9427,GRIHASTHI SANITARY,25654,42.87,0.4287
RET#74687,Bharat Electrical and hardware store,59686,RET#74687,BHARAT ELECTRICAL AND HARDWARE STORE,75410,126.34,1.2634
RET#43946,MANJU HARDWER,59598,RET#43946,MANJU HARDWER,48905,82.06,0.8206
RET#62163,J K HARDWARE,59591,RET#62163,J K HARDWARE,104577,175.49,1.7549
RET#25975,Sri Jayaram Hardware and Electricals,59401,RET#25975,SRI JAYARAM HARDWARE AND ELECTRICALS,3394,5.71,0.0571
RET#45497,VIJAY SANITARY & MACHINERY STORES,59137,RET#45497,VIJAY SANITARY & MACHINERY STORES,79089,133.74,1.3374
RET#16591,DIpak Enterprises,59086,RET#16591,DIPAK ENTERPRISES,37153,62.88,0.6288
RET#28990,ADITYA ENTERPRISES,58841,RET#28990,ADITYA ENTERPRISES,190257,323.34,3.2334
RET#52179,Mahajan Agencies,58587,RET#52179,MAHAJAN AGENCIES,103187,176.13,1.7613
RET#25945,Vijay Traders,58571,RET#25945,VIJAY TRADERS,29409,50.21,0.5021
RET#49678,Sampoorna Electricals,58327,RET#49678,SAMPOORNA ELECTRICALS,90095,154.47,1.5447
RET#9275,B.P. Machinery & Sanitary,57882,RET#9275,B.P. MACHINERY & SANITARY,25944,44.82,0.4482
RET#9324,Shree Ganesh,57761,RET#9324,SHREE GANESH,40773,70.59,0.7059
RET#9590,K.D. Trading Company,56659,RET#9590,K.D. TRADING COMPANY,34888,61.58,0.6158
RET#9720,SHALIGRAM ROHIT KUMAR,56627,RET#9720,SHALIGRAM ROHIT KUMAR,57772,102.02,1.0202
RET#9271,Adhikary Brothers & Co.,56529,RET#9271,ADHIKARY BROTHERS & CO.,100890,178.47,1.7847
RET#52931,Burhani hardware & paints,56470,RET#52931,BURHANI HARDWARE & PAINTS,10296,18.23,0.1823
RET#47547,Vrindavan hardware,56452,RET#47547,VRINDAVAN HARDWARE,58878,104.30,1.0430
RET#44550,Dev sanitary store,56394,RET#44550,DEV SANITARY STORE,61403,108.88,1.0888
RET#38408,Bandhan hardware,56310,RET#38408,BANDHAN HARDWARE,69026,122.58,1.2258
RET#61566,Bharat steel,56105,RET#61566,BHARAT STEEL,65405,116.58,1.1658
RET#81110,MALANCHA HARDWARE,55081,RET#81110,MALANCHA HARDWARE,33075,60.05,0.6005
RET#59405,Maa Lakshmi Hardware,55035,RET#59405,MAA LAKSHMI HARDWARE,26946,48.96,0.4896
RET#10836,Sri Lakshmi Traders,55022,RET#10836,SRI LAKSHMI TRADERS,33165,60.28,0.6028
RET#79653,RAJ ZONE ENTERPRISES,54993,RET#79653,RAJ ZONE ENTERPRISES,28480,51.79,0.5179
RET#65391,K R Enterprise,54761,RET#65391,K R ENTERPRISE,9265,16.92,0.1692
RET#62299,Maa Bankeswari Traders,53939,RET#62299,MAA BANKESWARI TRADERS,20748,38.47,0.3847
RET#11304,Sri Srinivasa traders.,53867,RET#11304,SRI SRINIVASA TRADERS.,19618,36.42,0.3642
RET#87335,Kisan krishi sewa kendra,53553,RET#87335,KISAN KRISHI SEWA KENDRA,75025,140.09,1.4009
RET#92322,Sri Alagar power Tools & Fasteners,52833,RET#92322,SRI ALAGAR POWER TOOLS & FASTENERS,53481,101.23,1.0123
RET#92068,Annapurna Traders,52200,RET#92068,ANNAPURNA TRADERS,11947,22.89,0.2289
RET#89356,Lalit Hardware and Plumbing,51407,RET#89356,LALIT HARDWARE AND PLUMBING,3841,7.47,0.0747
RET#66262,Saniya hardware and sanitary,51173,RET#66262,SANIYA HARDWARE AND SANITARY,73415,143.46,1.4346
RET#12615,Goutam Sanitary,50506,RET#12615,GOUTAM SANITARY,13832,27.39,0.2739
RET#94136,CM TRADERS,50074,RET#94136,CM TRADERS,48681,97.22,0.9722
RET#82658,VINOD PAINTS SUPPLIERS,49936,RET#82658,VINOD PAINTS SUPPLIERS,101328,202.92,2.0292
RET#17820,Ashok Sanitary Traders,49753,RET#17820,ASHOK SANITARY TRADERS,2792,5.61,0.0561
RET#94749,Shivam Agency,49556,RET#94749,SHIVAM AGENCY,9856,19.89,0.1989
RET#9680,Sain Bros & Associates Pvt. Ltd.,49535,RET#9680,SAIN BROS & ASSOCIATES PVT. LTD.,21327,43.05,0.4305
RET#26309,Simanchal traders,48977,RET#26309,SIMANCHAL TRADERS,34879,71.22,0.7122
RET#87111,Noble traders,48461,RET#87111,NOBLE TRADERS,11330,23.38,0.2338
RET#37572,Super Hardware and Sanitary,48156,RET#37572,SUPER HARDWARE AND SANITARY,40260,83.60,0.8360
RET#92094,Sri Sai Ram Enterprises,47857,RET#92094,SRI SAI RAM ENTERPRISES,9133,19.08,0.1908
RET#58454,Mahaveer hardware,47341,RET#58454,MAHAVEER HARDWARE,181106,382.56,3.8256
RET#32898,Sri Uma Electricals,47008,RET#32898,SRI UMA ELECTRICALS,12859,27.35,0.2735
RET#46242,S H Pipe Fittings Co.,46567,RET#46242,S H PIPE FITTINGS CO.,31867,68.43,0.6843
RET#81166,Shree Ganesh enterprises,46370,RET#81166,SHREE GANESH ENTERPRISES,26575,57.31,0.5731
RET#89926,Rudra trading company,46344,RET#89926,RUDRA TRADING COMPANY,19935,43.02,0.4302
RET#10830,Inder Pipe Trading Madurai,46291,RET#10830,INDER PIPE TRADING MADURAI,18370,39.68,0.3968
RET#69262,JAGADISH PAL,46240,RET#69262,JAGADISH PAL,87455,189.13,1.8913
RET#86030,Maa Vaishno Hardware,45824,RET#86030,MAA VAISHNO HARDWARE,74251,162.04,1.6204
RET#56539,SHRADDHA HARDWARE,45815,RET#56539,SHRADDHA HARDWARE,13022,28.42,0.2842
RET#69061,Rameshwaram enterprise,45757,RET#69061,RAMESHWARAM ENTERPRISE,46092,100.73,1.0073
RET#62789,JAI MAA GAYATRI TRADERS,45732,RET#62789,JAI MAA GAYATRI TRADERS,9870,21.58,0.2158
RET#92557,OMM SAIKRUPA SANITARY AND HARDWARE,45652,RET#92557,OMM SAIKRUPA SANITARY AND HARDWARE,4714,10.33,0.1033
RET#92299,Bareja enterprises,45600,RET#92299,BAREJA ENTERPRISES,20880,45.79,0.4579
RET#92585,MAAN ELECTRIC STORE,45264,RET#92585,MAAN ELECTRIC STORE,67000,148.02,1.4802
RET#66815,Nawab Hardware and Sanitary,45225,RET#66815,NAWAB HARDWARE AND SANITARY,13363,29.55,0.2955
RET#26711,Khushboo Sanitary World,44591,RET#26711,KHUSHBOO SANITARY WORLD,24016,53.86,0.5386
RET#43615,Chandok Traders,44555,RET#43615,CHANDOK TRADERS,32019,71.86,0.7186
RET#72670,Pujari traders,44470,RET#72670,PUJARI TRADERS,67166,151.04,1.5104
RET#92161,Byari Traders,43378,RET#92161,BYARI TRADERS,5595,12.90,0.1290
RET#16185,Shree Bhaneshwar Plumbing,42269,RET#16185,SHREE BHANESHWAR PLUMBING,21032,49.76,0.4976
RET#56824,NEW AJEET PIPE,40734,RET#56824,NEW AJEET PIPE,25000,61.37,0.6137
RET#92555,Hiranya Electricals & Pipes,40649,RET#92555,HIRANYA ELECTRICALS & PIPES,2178,5.36,0.0536
RET#53076,Patidar traders,40578,RET#53076,PATIDAR TRADERS,45468,112.05,1.1205
RET#71202,Purvanchal Building Material,40145,RET#71202,PURVANCHAL BUILDING MATERIAL,36902,91.92,0.9192
RET#25770,SHREE MEENAKSHI AGENCIES,40086,RET#25770,SHREE MEENAKSHI AGENCIES,7689,19.18,0.1918
RET#41540,Vishnu Enterprises,40040,RET#41540,VISHNU ENTERPRISES,16797,41.95,0.4195
RET#10766,Velautharaja & Co,39984,RET#10766,VELAUTHARAJA & CO,8756,21.90,0.2190
RET#18199,Sanitary House,39605,RET#18199,SANITARY HOUSE,11454,28.92,0.2892
RET#24187,Ashok Stores,39516,RET#24187,ASHOK STORES,27374,69.27,0.6927
RET#10468,Basanti Enterprise,39470,RET#10468,BASANTI ENTERPRISE,26710,67.67,0.6767
RET#20763,Pragati Kriti Hardware,39444,RET#20763,PRAGATI KRITI HARDWARE,196374,497.86,4.9786
RET#9393,Garg Trading Co,39234,RET#9393,GARG TRADING CO,146864,374.33,3.7433
RET#71757,VEE YAM ELECTRICALS,39036,RET#71757,VEE YAM ELECTRICALS,11794,30.21,0.3021
RET#17436,Vikram Traders,38933,RET#17436,VIKRAM TRADERS,41676,107.05,1.0705
RET#68016,Shiv Bajrang pipe Store and yadav automobiles,38626,RET#68016,SHIV BAJRANG PIPE STORE AND YADAV AUTOMOBILES,27718,71.76,0.7176
RET#79108,New lucky star hardware,38580,RET#79108,NEW LUCKY STAR HARDWARE,6936,17.98,0.1798
RET#68056,Mishra Group,38527,RET#68056,MISHRA GROUP,19433,50.44,0.5044
RET#9992,Maa Mangala Enterprise,38293,RET#9992,MAA MANGALA ENTERPRISE,10358,27.05,0.2705
RET#84833,MAA BHAWANI CONSTRUCTION AND HARDWARE,38051,RET#84833,MAA BHAWANI CONSTRUCTION AND HARDWARE,13272,34.88,0.3488
RET#28718,Aman Hardware,38010,RET#28718,AMAN HARDWARE,18244,48.00,0.4800
RET#55807,Archana Hardware,37984,RET#55807,ARCHANA HARDWARE,18762,49.39,0.4939
RET#90024,Premium Bath,37954,RET#90024,PREMIUM BATH,28226,74.37,0.7437
RET#18392,Rehal Pump & sanitary,37799,RET#18392,REHAL PUMP & SANITARY,3065,8.11,0.0811
RET#16548,SINGH INTERNATIONAL,36865,RET#16548,SINGH INTERNATIONAL,47850,129.80,1.2980
RET#13131,Madan Electrical and Sanitary Store,36711,RET#13131,MADAN ELECTRICAL AND SANITARY STORE,30437,82.91,0.8291
RET#9899,Tara Tubewell Servicing Center,36392,RET#9899,TARA TUBEWELL SERVICING CENTER,153196,420.96,4.2096
RET#34704,GOURI HARDWARE,36250,RET#34704,GOURI HARDWARE,84767,233.84,2.3384
RET#38334,Amit traders,36198,RET#38334,AMIT TRADERS,35696,98.61,0.9861
RET#23666,AGGARWAL TILE AND BATH GALLARY,35890,RET#23666,AGGARWAL TILE AND BATH GALLARY,12161,33.88,0.3388
RET#79700,Jagtap Traders,35886,RET#79700,JAGTAP TRADERS,29244,81.49,0.8149
RET#45425,A V Sanitation,35716,RET#45425,A V SANITATION,27530,77.08,0.7708
RET#9703,Vandana borewell,35705,RET#9703,VANDANA BOREWELL,51823,145.14,1.4514
RET#91347,SHREE SHYAM ELECTRIC & JENERAL STORE,35534,RET#91347,SHREE SHYAM ELECTRIC & JENERAL STORE,21654,60.94,0.6094
RET#44663,Aggarwal bath & tiles,35348,RET#44663,AGGARWAL BATH & TILES,20186,57.11,0.5711
RET#16579,Kiran Sanitation (Aditya Pipe & Sanitation),34976,RET#16579,KIRAN SANITATION  (ADITYA PIPE & SANITATION),149850,428.44,4.2844
RET#84515,Mahesh marketings,33988,RET#84515,MAHESH MARKETINGS,11697,34.42,0.3442
RET#64052,SHRI SHAI BOARING COMPANY,33914,RET#64052,SHRI SHAI BOARING COMPANY,16301,48.07,0.4807
RET#62310,STYLISH BATH,33619,RET#62310,STYLISH BATH,33082,98.40,0.9840
RET#92149,TANMAY PAINTS HARDWARE & SANITARY STORE,33600,RET#92149,TANMAY PAINTS HARDWARE & SANITARY STORE,37051,110.27,1.1027
RET#53497,Omkar Sanitary Store,33454,RET#53497,OMKAR SANITARY STORE,23514,70.29,0.7029
RET#70696,Gaytri Lauh Pratisthan,33149,RET#70696,GAYTRI LAUH PRATISTHAN,35372,106.71,1.0671
RET#59429,Neelam traders,32868,RET#59429,NEELAM TRADERS,32631,99.28,0.9928
RET#94156,PUNDORA HARDWARE AND SANITARY,32727,RET#94156,PUNDORA HARDWARE AND SANITARY,6678,20.41,0.2041
RET#11985,"Ganapati enterprises electrical , hardware , paints",31880,RET#11985,"GANAPATI ENTERPRISES ELECTRICAL , HARDWARE , PAINTS",48500,152.13,1.5213
RET#90070,Akshat enterprises,31659,RET#90070,AKSHAT ENTERPRISES,31457,99.36,0.9936
RET#13814,Bansal traders,31447,RET#13814,BANSAL TRADERS,7675,24.41,0.2441
RET#39535,Ashtvinayak Sanitary Wares,31368,RET#39535,ASHTVINAYAK SANITARY WARES,61505,196.08,1.9608
RET#43892,METRO STEEL AND CEMENT AGENCY,31190,RET#43892,METRO STEEL AND CEMENT AGENCY,3024,9.70,0.0970
RET#56193,Subhadra sanitary and hardware,31065,RET#56193,SUBHADRA SANITARY AND HARDWARE,20787,66.91,0.6691
RET#43096,Laxmi Hardware,31011,RET#43096,LAXMI HARDWARE,4675,15.08,0.1508
RET#25991,NK Shanmuga Mudhaliyar,30766,RET#25991,NK SHANMUGA MUDHALIYAR,12107,39.35,0.3935
RET#9264,Harish Hardware Stores,30682,RET#9264,HARISH HARDWARE STORES,94393,307.65,3.0765
RET#9611,Color Home,30556,RET#9611,COLOR HOME,64017,209.51,2.0951
RET#89528,Pal Hardware,30444,RET#89528,PAL HARDWARE,16944,55.66,0.5566
RET#29903,JAI SREE ELECTRICALAND HARDWARES,30352,RET#29903,JAI SREE ELECTRICALAND HARDWARES,36517,120.31,1.2031
RET#46473,Arab Traders,30247,RET#46473,ARAB TRADERS,47600,157.37,1.5737
RET#50566,Navin traders,30188,RET#50566,NAVIN TRADERS,39869,132.07,1.3207
RET#89728,Balram Sales,29909,RET#89728,BALRAM SALES,10121,33.84,0.3384
RET#48867,New Pooja Hardwares,29874,RET#48867,NEW POOJA HARDWARES,17292,57.88,0.5788
RET#82299,Ambey Hardware & Sanitary,29770,RET#82299,AMBEY HARDWARE & SANITARY,36942,124.09,1.2409
RET#17036,Vm Electrical,29640,RET#17036,VM ELECTRICAL,33306,112.37,1.1237
RET#89714,Meman Fazal Muhammad Janam Muhammad,29560,RET#89714,MEMAN FAZAL MUHAMMAD JANAM MUHAMMAD,41618,140.79,1.4079
RET#66364,V.K. Tiles & Sanitary,29455,RET#66364,V.K. TILES & SANITARY,73071,248.08,2.4808
RET#17461,Shri Sai Nath Traders,28642,RET#17461,SHRI SAI NATH TRADERS,43452,151.71,1.5171
RET#75673,Radhe hardware & tiles,28371,RET#75673,RADHE HARDWARE & TILES,30707,108.23,1.0823
RET#28301,VICKY SANITARY AND HARDWARE STORE,28253,RET#28301,VICKY SANITARY AND HARDWARE STORE,15802,55.93,0.5593
RET#21415,Shiv shakti hardware,28062,RET#21415,SHIV SHAKTI HARDWARE,95911,341.78,3.4178
RET#13110,Shree Balaji Trading Co.,28056,RET#13110,SHREE BALAJI TRADING CO.,7967,28.40,0.2840
RET#93617,Maurya hardware,27961,RET#93617,MAURYA HARDWARE,5405,19.33,0.1933
RET#32557,Laxmi traders,27925,RET#32557,LAXMI TRADERS,40081,143.53,1.4353
RET#85376,Maa Durga Hardware,27774,RET#85376,MAA DURGA HARDWARE,68108,245.22,2.4522
RET#91090,MAHADEV SANITARY,27493,RET#91090,MAHADEV SANITARY,67338,244.93,2.4493
RET#43719,SRI GURU HARDWER & Paint Stores,27468,RET#43719,SRI GURU HARDWER & PAINT STORES,1790,6.52,0.0652
RET#39585,Shakuntala hardware and paints,27363,RET#39585,SHAKUNTALA HARDWARE AND PAINTS,6080,22.22,0.2222
RET#37636,AS ENTERPRISES,27234,RET#37636,AS ENTERPRISES,52410,192.44,1.9244
RET#60488,Mahadev building meterial,27207,RET#60488,MAHADEV BUILDING METERIAL,12160,44.69,0.4469
RET#13596,Omkara Enterprise,26890,RET#13596,OMKARA ENTERPRISE,37852,140.77,1.4077
RET#79408,Chaudhary Tiles and Sanitation,26038,RET#79408,CHAUDHARY TILES AND SANITATION,14756,56.67,0.5667
RET#62973,MATOSHRI ELECTRICALS & HARDWARE,26017,RET#62973,MATOSHRI ELECTRICALS & HARDWARE,25704,98.80,0.9880
RET#27102,Ispat trading corporation,25937,RET#27102,ISPAT TRADING CORPORATION,12774,49.25,0.4925
RET#10504,Sanitary Centre,25898,RET#10504,SANITARY CENTRE,87903,339.42,3.3942
RET#43458,Rajlaxmi Hardware,25625,RET#43458,RAJLAXMI HARDWARE,7343,28.66,0.2866
RET#17464,Tenguriya Enterprises,25527,RET#17464,TENGURIYA ENTERPRISES,178320,698.55,6.9855
RET#15680,Arihant Ceramic & Marble,25321,RET#15680,ARIHANT CERAMIC & MARBLE,101402,400.47,4.0047
RET#17848,Agarwal Sanitary Store,25102,RET#17848,AGARWAL SANITARY STORE,5571,22.19,0.2219
RET#17186,Varun Traders,25101,RET#17186,VARUN TRADERS,126257,503.00,5.0300
RET#36283,Agilan Electricals,24855,RET#36283,AGILAN ELECTRICALS,7861,31.63,0.3163
RET#67707,KMR traders,24764,RET#67707,KMR TRADERS,31705,128.03,1.2803
RET#43716,MAHAPRABHU ENTERPRISE,24580,RET#43716,MAHAPRABHU ENTERPRISE,6235,25.37,0.2537
RET#40071,Indian hardware and sanitary store,24263,RET#40071,INDIAN HARDWARE AND SANITARY STORE,23067,95.07,0.9507
RET#68574,SOLANKI ENTERPRISES,24062,RET#68574,SOLANKI ENTERPRISES,6578,27.34,0.2734
RET#15153,NAIK SANITARYWARE,23925,RET#15153,NAIK SANITARYWARE,6045,25.27,0.2527
RET#24337,Shri Laxmi Hardware Store,23899,RET#24337,SHRI LAXMI HARDWARE STORE,34800,145.61,1.4561
RET#25901,Maa durga enterprise,23822,RET#25901,MAA DURGA ENTERPRISE,52201,219.13,2.1913
RET#79952,AsHOKA PIPE COMPANY,23802,RET#79952,ASHOKA PIPE COMPANY,11462,48.16,0.4816
RET#28474,Gorakhnath Tiles And Sanitaryware,23743,RET#28474,GORAKHNATH TILES AND SANITARYWARE,29250,123.19,1.2319
RET#81007,Mahabir Enterprises,23680,RET#81007,MAHABIR ENTERPRISES,64728,273.34,2.7334
RET#33846,Balaji ceramics,23665,RET#33846,BALAJI CERAMICS,5440,22.99,0.2299
RET#94292,Bharat Sanitary Store,23608,RET#94292,BHARAT SANITARY STORE,2387,10.11,0.1011
RET#83009,Mandal Enterprise,23267,RET#83009,MANDAL ENTERPRISE,60774,261.20,2.6120
RET#11857,SRI RAGHAVENDRA ELECTRICALS,23217,RET#11857,SRI RAGHAVENDRA ELECTRICALS,12158,52.37,0.5237
RET#9619,Shiv Shakti hardware,22979,RET#9619,SHIV SHAKTI HARDWARE,136889,595.71,5.9571
RET#39667,Sri Balaji hardware and electricals,22951,RET#39667,SRI BALAJI HARDWARE AND ELECTRICALS,35096,152.92,1.5292
RET#81068,Krishnaveni associates,22936,RET#81068,KRISHNAVENI ASSOCIATES,79876,348.26,3.4826
RET#17451,Sanitary Plaza,22795,RET#17451,SANITARY PLAZA,1646,7.22,0.0722
RET#56732,BINOD PIPES & SANITARY STORE,22713,RET#56732,BINOD PIPES & SANITARY STORE,5543,24.40,0.2440
RET#42253,Shirmale Trading Company,22694,RET#42253,SHIRMALE TRADING COMPANY,37510,165.29,1.6529
RET#60336,TARAMA HARDWARE,22058,RET#60336,TARAMA HARDWARE,26015,117.94,1.1794
RET#14541,KOPPURAVURI KOTESWARA RAO &CO,21994,RET#14541,KOPPURAVURI KOTESWARA RAO &CO,11877,54.00,0.5400
RET#90345,Gurukripa traders,21978,RET#90345,GURUKRIPA TRADERS,2639,12.01,0.1201
RET#91777,Rahi Trading Company,21978,RET#91777,RAHI TRADING COMPANY,14500,65.98,0.6598
RET#90207,Maheswari Electricals,21970,RET#90207,MAHESWARI ELECTRICALS,15356,69.90,0.6990
RET#18868,Bajaj Sanitary Store,21902,RET#18868,BAJAJ SANITARY STORE,2106,9.62,0.0962
RET#16515,Shree Waheguru Traders,21888,RET#16515,SHREE WAHEGURU TRADERS,14635,66.86,0.6686
RET#31488,Shivam Sanitary Store,21750,RET#31488,SHIVAM SANITARY STORE,34800,160.00,1.6000
RET#54016,Guru Nanak Iron Store,21747,RET#54016,GURU NANAK IRON STORE,58880,270.75,2.7075
RET#48638,Aagya Sanitary Tiles,21646,RET#48638,AAGYA SANITARY TILES,39805,183.89,1.8389
RET#92923,Sri Amman Agencies TVL,21527,RET#92923,SRI AMMAN AGENCIES TVL,4290,19.93,0.1993
RET#25808,Shanmugam Agencies,21503,RET#25808,SHANMUGAM AGENCIES,11403,53.03,0.5303
RET#58874,PADHY HARDWARE STORE,21498,RET#58874,PADHY HARDWARE STORE,12941,60.20,0.6020
RET#13841,Lucky Traders,21450,RET#13841,LUCKY TRADERS,27482,128.12,1.2812
RET#65153,SRI LAXMI TRADING COMPANY,21226,RET#65153,SRI LAXMI TRADING COMPANY,28227,132.98,1.3298
RET#12463,Shanmuga wood works Timber Depot,21076,RET#12463,SHANMUGA WOOD WORKS  TIMBER DEPOT,5478,25.99,0.2599
RET#82126,JALARAM CERAMIC,20848,RET#82126,JALARAM CERAMIC,74911,359.32,3.5932
RET#77869,Rawat Traders,20488,RET#77869,RAWAT TRADERS,26800,130.81,1.3081
RET#35398,Maa Asha Sanitaryware,20478,RET#35398,MAA ASHA SANITARYWARE,116408,568.45,5.6845
RET#24732,Dev Ji Hardware and paint,20346,RET#24732,DEV JI HARDWARE AND PAINT,31984,157.20,1.5720
RET#33406,Surya tiles and hardware,20169,RET#33406,SURYA TILES AND HARDWARE,28412,140.87,1.4087
RET#20982,Om brothers,20043,RET#20982,OM BROTHERS,223562,1115.41,11.1541
RET#76558,Metro electricals,20009,RET#76558,METRO ELECTRICALS,26956,134.72,1.3472
RET#77947,J.N. TRADER'S,19961,RET#77947,J.N. TRADER'S,14554,72.91,0.7291
RET#67386,Gautam hardware paint and sanitary store,19918,RET#67386,GAUTAM HARDWARE PAINT AND SANITARY STORE,7881,39.57,0.3957
RET#45545,Ankit traders,19704,RET#45545,ANKIT TRADERS,5076,25.76,0.2576
RET#78535,SHREE HARDWARE & SANITARY,19473,RET#78535,SHREE HARDWARE & SANITARY,903,4.64,0.0464
RET#92716,Bharat Hardware Store,19372,RET#92716,BHARAT HARDWARE STORE,25206,130.12,1.3012
RET#62209,Radhe Shyam Vinod Kumar,19343,RET#62209,RADHE SHYAM VINOD KUMAR,32886,170.01,1.7001
RET#26231,Super Marble,19304,RET#26231,SUPER MARBLE,16095,83.38,0.8338
RET#92552,SHRI PANCHAMUKHI ENGINEERING & MARKETING PVT.LTD.,19247,RET#92552,SHRI PANCHAMUKHI ENGINEERING & MARKETING PVT.LTD.,14481,75.24,0.7524
RET#61307,RAJAMA DUTTA HARDWARE,18967,RET#61307,RAJAMA DUTTA HARDWARE,7250,38.22,0.3822
RET#29854,Vaishali Hardware,18915,RET#29854,VAISHALI HARDWARE,19198,101.50,1.0150
RET#20463,Geetanjali Home Decore,18910,RET#20463,GEETANJALI HOME DECORE,5346,28.27,0.2827
RET#93867,SHREE RAM PAINTS,18757,RET#93867,SHREE RAM PAINTS,5793,30.88,0.3088
RET#35837,Amit traders,18751,RET#35837,AMIT TRADERS,16139,86.07,0.8607
RET#39659,Bhavani electricals and Hardwares,18720,RET#39659,BHAVANI ELECTRICALS AND HARDWARES,6000,32.05,0.3205
RET#81773,Snow White Tiles & Sanitary,18720,RET#81773,SNOW WHITE TILES & SANITARY,34980,186.86,1.8686
RET#86230,MMP Trading Company,18568,RET#86230,MMP TRADING COMPANY,135032,727.23,7.2723
RET#62315,UTTARAKHAND TILES AND SANITATION,18566,RET#62315,UTTARAKHAND TILES AND SANITATION,54046,291.10,2.9110
RET#80532,Farukh steel,18449,RET#80532,FARUKH STEEL,165871,899.08,8.9908
RET#72851,SADHU SANITARY & PAINT STORE,18278,RET#72851,SADHU SANITARY & PAINT STORE,12729,69.64,0.6964
RET#90585,Shree Hari Store,18262,RET#90585,SHREE HARI STORE,48449,265.30,2.6530
RET#67988,SK Sanitary & Plumbing,18130,RET#67988,SK SANITARY & PLUMBING,4547,25.08,0.2508
RET#59876,Babber hardware,18091,RET#59876,BABBER HARDWARE,51881,286.78,2.8678
RET#89437,Solanki Traders,17997,RET#89437,SOLANKI TRADERS,27672,153.76,1.5376
RET#38891,SAHU HARDWARE,17956,RET#38891,SAHU HARDWARE,11994,66.80,0.6680
RET#18481,Pink Sanitary Store,17847,RET#18481,PINK SANITARY STORE,15782,88.43,0.8843
RET#17706,Santkirpa Hardware & Paints,17818,RET#17706,SANTKIRPA HARDWARE & PAINTS,55085,309.15,3.0915
RET#10770,Ramalingampatti Sri Pothies Traders,17585,RET#10770,RAMALINGAMPATTI SRI POTHIES TRADERS,9977,56.74,0.5674
RET#26440,Maa chandrawali hardware and paint,17518,RET#26440,MAA CHANDRAWALI HARDWARE AND PAINT,17192,98.14,0.9814
RET#72242,Vishal electricals & sanitary tiles,17465,RET#72242,VISHAL ELECTRICALS & SANITARY TILES,11244,64.38,0.6438
RET#18420,"DURGA BATH DECOR,S",17325,RET#18420,"DURGA BATH DECOR,S",3528,20.36,0.2036
RET#71922,Patidar hardware & electricals,16781,RET#71922,PATIDAR HARDWARE & ELECTRICALS,5453,32.50,0.3250
RET#94020,New mahaveer traders,16603,RET#94020,NEW MAHAVEER TRADERS,1269,7.64,0.0764
RET#93714,Padmavati pipes and hardware,16524,RET#93714,PADMAVATI PIPES AND HARDWARE,4207,25.46,0.2546
RET#92250,Bikasha traders,16464,RET#92250,BIKASHA TRADERS,15859,96.33,0.9633
RET#94001,Rathna Store,16445,RET#94001,RATHNA STORE,12430,75.59,0.7559
RET#84319,B R TRADERS,16351,RET#84319,B R TRADERS,14175,86.69,0.8669
RET#34365,Sukam Traders,16343,RET#34365,SUKAM TRADERS,57088,349.31,3.4931
RET#72495,Kisan hardware,16298,RET#72495,KISAN HARDWARE,37793,231.89,2.3189
RET#43427,Bhakti Enterprise,16123,RET#43427,BHAKTI ENTERPRISE,9152,56.76,0.5676
RET#39256,Vinayaka electricals Hardware and paints,14940,RET#39256,VINAYAKA ELECTRICALS HARDWARE AND PAINTS,12974,86.84,0.8684
RET#88978,SHREE MAHAVIR APS,14802,RET#88978,SHREE MAHAVIR APS,9314,62.92,0.6292
RET#54253,New Juneja Iron Store,14766,RET#54253,NEW JUNEJA IRON STORE,9450,64.00,0.6400
RET#12427,SRI DURGA TRADERS,14612,RET#12427,SRI DURGA TRADERS,16593,113.56,1.1356
RET#80301,Karavali traders,14582,RET#80301,KARAVALI TRADERS,1947,13.35,0.1335
RET#68444,Madikkai Service Co-operative Banks,14446,RET#68444,MADIKKAI SERVICE CO-OPERATIVE BANKS,25438,176.09,1.7609
RET#26146,Ghani Sanitary,14345,RET#26146,GHANI SANITARY,18051,125.83,1.2583
RET#52156,Guruprasad hardware,14220,RET#52156,GURUPRASAD HARDWARE,14220,100.00,1.0000
RET#73586,KARMYOGI TRADERS,14190,RET#73586,KARMYOGI TRADERS,4642,32.71,0.3271
RET#69481,Khatua Hardware,14088,RET#69481,KHATUA HARDWARE,52992,376.15,3.7615
RET#32913,Sabrina granites tiles,13963,RET#32913,SABRINA GRANITES TILES,8925,63.92,0.6392
RET#81410,Sri Rama hardware & Electrical,13952,RET#81410,SRI RAMA HARDWARE & ELECTRICAL,51152,366.63,3.6663
RET#37352,Maa Sanitary Hardware,13859,RET#37352,MAA SANITARY HARDWARE,3670,26.48,0.2648
RET#83725,SS traders,13530,RET#83725,SS TRADERS,18375,135.81,1.3581
RET#13688,Tirupati traders,13482,RET#13688,TIRUPATI TRADERS,38940,288.83,2.8883
RET#12400,MADHU ENTERPRISES,13446,RET#12400,MADHU ENTERPRISES,11275,83.85,0.8385
RET#71239,RANGOLI TRADERS,13434,RET#71239,RANGOLI TRADERS,22883,170.34,1.7034
RET#9589,Shivam hardware,13355,RET#9589,SHIVAM HARDWARE,18038,135.07,1.3507
RET#17438,R.K.Interior & Hardware,13105,RET#17438,R.K.INTERIOR & HARDWARE,76231,581.69,5.8169
RET#35457,Satyam sanitary,13048,RET#35457,SATYAM SANITARY,2546,19.51,0.1951
RET#30981,Ashoka hardware paints and sanitary store,12881,RET#30981,ASHOKA HARDWARE PAINTS AND SANITARY STORE,1732,13.45,0.1345
RET#26049,Dinesh Electricals and Hardwares,12859,RET#26049,DINESH ELECTRICALS AND HARDWARES,8389,65.24,0.6524
RET#47232,Noor motors & pipes,12859,RET#47232,NOOR MOTORS & PIPES,12859,100.00,1.0000
RET#82089,Thaai Tiles,12859,RET#82089,THAAI TILES,21475,167.00,1.6700
RET#11816,SAMBAMURTY ENTERPRISES,12780,RET#11816,SAMBAMURTY ENTERPRISES,34008,266.10,2.6610
RET#22702,M. A. Traders,12657,RET#22702,M. A. TRADERS,13585,107.33,1.0733
RET#23572,Kisan Agro Tech,12576,RET#23572,KISAN AGRO TECH,12946,102.94,1.0294
RET#92100,LAXMINARAYAN SANITARY,12550,RET#92100,LAXMINARAYAN SANITARY,19936,158.85,1.5885
RET#28261,NOIDA BATH GALLERY,12441,RET#28261,NOIDA BATH GALLERY,18258,146.76,1.4676
RET#9543,S.P. Enterprise,12285,RET#9543,S.P. ENTERPRISE,20324,165.44,1.6544
RET#33045,Velu Tile zone,12238,RET#33045,VELU TILE ZONE,34887,285.07,2.8507
RET#72136,Shree balaji sanatry and hw store,12224,RET#72136,SHREE BALAJI SANATRY AND HW STORE,16024,131.09,1.3109
RET#33848,Shri Bala Ji Hardware Sanitary and Tiles,12207,RET#33848,SHRI BALA JI HARDWARE SANITARY AND TILES,16430,134.59,1.3459
RET#39921,BUILDERS MALL,12183,RET#39921,BUILDERS MALL,7874,64.63,0.6463
RET#34954,Shiv Shakti pipe traders,12177,RET#34954,SHIV SHAKTI PIPE TRADERS,11603,95.29,0.9529
RET#35046,Panayal Neethi Electricals and Plumbing,12084,RET#35046,PANAYAL NEETHI ELECTRICALS AND PLUMBING,14535,120.28,1.2028
RET#93522,Meenakshi electricals,11996,RET#93522,MEENAKSHI ELECTRICALS,5702,47.53,0.4753
RET#53458,J K Sanitation,11940,RET#53458,J K SANITATION,4436,37.15,0.3715
RET#89249,TBK Palace,11901,RET#89249,TBK PALACE,16136,135.59,1.3559
RET#60814,Shri Ram tiles,11729,RET#60814,SHRI RAM TILES,9234,78.73,0.7873
RET#72767,OMKAAR HARDWARE PAINT AND SANITARY STORE,11641,RET#72767,OMKAAR HARDWARE PAINT AND SANITARY STORE,5649,48.53,0.4853
RET#40116,Kadiya Sanitary,11614,RET#40116,KADIYA SANITARY,5726,49.30,0.4930
RET#43759,Maa durga marble,11544,RET#43759,MAA DURGA MARBLE,7311,63.33,0.6333
RET#70838,N.K. SANITARY STORE,11483,RET#70838,N.K. SANITARY STORE,10189,88.73,0.8873
RET#93585,Sapthagiri hardware,11455,RET#93585,SAPTHAGIRI HARDWARE,10347,90.33,0.9033
RET#63960,Jai ambey trading co,11341,RET#63960,JAI AMBEY TRADING CO,11836,104.36,1.0436
RET#51398,Kanti traders,11330,RET#51398,KANTI TRADERS,6863,60.57,0.6057
RET#17433,Taheri Traders,11313,RET#17433,TAHERI TRADERS,181715,1606.25,16.0625
RET#85799,Singla Hardware Store,11246,RET#85799,SINGLA HARDWARE STORE,6062,53.90,0.5390
RET#87850,Pushkesh plumbing and sanitary store,11108,RET#87850,PUSHKESH PLUMBING AND SANITARY STORE,8425,75.85,0.7585
RET#42882,Sun shine enterprises,11055,RET#42882,SUN SHINE ENTERPRISES,35555,321.62,3.2162
RET#89961,VAKRATUND ENTERPRISES,10945,RET#89961,VAKRATUND ENTERPRISES,6890,62.95,0.6295
RET#51834,Mahadev hardware,10850,RET#51834,MAHADEV HARDWARE,38148,351.59,3.5159
RET#74802,S.M.BOREWELL,10674,RET#74802,S.M.BOREWELL,139458,1306.52,13.0652
RET#88893,Rumman sanitary & hardware,10519,RET#88893,RUMMAN SANITARY & HARDWARE,36291,345.00,3.4500
RET#29185,Mahavir trading company,10505,RET#29185,MAHAVIR TRADING COMPANY,41298,393.13,3.9313
RET#34524,Modern Hardwares & Paints,10502,RET#34524,MODERN HARDWARES & PAINTS,11638,110.82,1.1082
RET#42662,M/S A K TRADERS,10497,RET#42662,M/S A K TRADERS,8704,82.92,0.8292
RET#86125,JAIN ELECTRIC HARDWARE & SANITARYWARE,10476,RET#86125,JAIN ELECTRIC HARDWARE & SANITARYWARE,14474,138.16,1.3816
RET#78658,Shiv Enterprise,10379,RET#78658,SHIV ENTERPRISE,23950,230.75,2.3075
RET#44226,BASANTI SANITARY,10337,RET#44226,BASANTI SANITARY,4502,43.55,0.4355
RET#18673,Chahal Sanitary Store,10304,RET#18673,CHAHAL SANITARY STORE,7580,73.56,0.7356
RET#37540,SP hardware,10278,RET#37540,SP HARDWARE,6594,64.16,0.6416
RET#13890,Prajapati enterprises,10199,RET#13890,PRAJAPATI ENTERPRISES,5254,51.51,0.5151
RET#29680,Samanta Trading,10169,RET#29680,SAMANTA TRADING,2535,24.93,0.2493
RET#40373,Shobha machinary samarsabil and sanitary store,9988,RET#40373,SHOBHA MACHINARY SAMARSABIL AND SANITARY STORE,8750,87.61,0.8761
RET#89494,Alam Light House,9942,RET#89494,ALAM LIGHT HOUSE,23299,234.35,2.3435
RET#13127,Verma Treders,9881,RET#13127,VERMA TREDERS,6350,64.26,0.6426
RET#69658,Tayyab sanatry and hw,9660,RET#69658,TAYYAB SANATRY AND HW,24328,251.84,2.5184
RET#60250,M/s Gupta sanitary store,9611,RET#60250,M/S GUPTA SANITARY STORE,3327,34.62,0.3462
RET#12090,CHINNI KRISHNA AGENCIES,9564,RET#12090,CHINNI KRISHNA AGENCIES,11884,124.26,1.2426
RET#40101,Balaji enterprises,9502,RET#40101,BALAJI ENTERPRISES,5614,59.08,0.5908
RET#94441,Jai Bajrang Steel and Building Material,9401,RET#94441,JAI BAJRANG STEEL AND BUILDING MATERIAL,11717,124.64,1.2464
RET#23186,Trivikrama Enterprises,9372,RET#23186,TRIVIKRAMA ENTERPRISES,8921,95.19,0.9519
RET#30396,MAHALAXMI ENTERPRISES,9335,RET#30396,MAHALAXMI ENTERPRISES,3213,34.42,0.3442
RET#27087,Dew corporation,9327,RET#27087,DEW CORPORATION,5574,59.76,0.5976
RET#88335,Ezzi machinery and hardware,9234,RET#88335,EZZI MACHINERY AND HARDWARE,1286,13.93,0.1393
RET#32540,ANUBHAV SANITATION,9214,RET#32540,ANUBHAV SANITATION,3601,39.08,0.3908
RET#83619,Jk Electricals & Hardwares,9174,RET#83619,JK ELECTRICALS & HARDWARES,4266,46.50,0.4650
RET#60104,Khera enterprise,9162,RET#60104,KHERA ENTERPRISE,2168,23.66,0.2366
RET#91104,Arunkumar Hardwares,8820,RET#91104,ARUNKUMAR HARDWARES,2450,27.78,0.2778
RET#12597,Deluxe hardware & electrical,8756,RET#12597,DELUXE HARDWARE & ELECTRICAL,8756,100.00,1.0000
RET#31507,Jai Kishan Dass Sunil Kumar,8705,RET#31507,JAI KISHAN DASS SUNIL KUMAR,14500,166.57,1.6657
RET#25828,USHA ELECTRICALS,8613,RET#25828,USHA ELECTRICALS,20390,236.74,2.3674
RET#9257,Sree Ramkrishna Associates,8580,RET#9257,SREE RAMKRISHNA ASSOCIATES,376688,4390.30,43.9030
RET#93590,Sunil enterprises,8545,RET#93590,SUNIL ENTERPRISES,3689,43.17,0.4317
RET#35608,Savitri sales,8525,RET#35608,SAVITRI SALES,40273,472.41,4.7241
RET#34653,Laxmi Traders,8518,RET#34653,LAXMI TRADERS,22301,261.81,2.6181
RET#65042,Sanjay machinery and pipe store,8501,RET#65042,SANJAY MACHINERY AND PIPE STORE,5800,68.23,0.6823
RET#90485,Sri Dhanalakshmi Timbers,8250,RET#90485,SRI DHANALAKSHMI TIMBERS,22868,277.19,2.7719
RET#37788,SVR traders,8120,RET#37788,SVR TRADERS,8222,101.26,1.0126
RET#63215,Thirumala enterprises,8120,RET#63215,THIRUMALA ENTERPRISES,6651,81.91,0.8191
RET#39143,M/s Bundelkhand Traders,8034,RET#39143,M/S BUNDELKHAND TRADERS,909,11.31,0.1131
RET#39670,Tirumala traders,7949,RET#39670,TIRUMALA TRADERS,31335,394.20,3.9420
RET#49014,Rakesh chandra vishal chandra,7943,RET#49014,RAKESH CHANDRA VISHAL CHANDRA,118501,1491.89,14.9189
RET#26077,Kumar Electricals,7889,RET#26077,KUMAR ELECTRICALS,3518,44.59,0.4459
RET#33324,Rajdhani sanitary,7815,RET#33324,RAJDHANI SANITARY,22279,285.08,2.8508
RET#17587,Anuradha Enterprises,7800,RET#17587,ANURADHA ENTERPRISES,8424,108.00,1.0800
RET#86275,EP Tradelinks,7795,RET#86275,EP TRADELINKS,3567,45.76,0.4576
RET#72504,Friends Electricals and Plumbing,7740,RET#72504,FRIENDS ELECTRICALS AND PLUMBING,16234,209.74,2.0974
RET#13146,Mudit Agencies,7561,RET#13146,MUDIT AGENCIES,3476,45.97,0.4597
RET#94255,Vinayak Electrics and Plumbing,7378,RET#94255,VINAYAK ELECTRICS AND PLUMBING,19898,269.69,2.6969
RET#15662,Vijay Electrical & Hardware,7315,RET#15662,VIJAY ELECTRICAL & HARDWARE,26928,368.12,3.6812
RET#39397,SANDEEP SANITARY AND HARDWARE,7224,RET#39397,SANDEEP SANITARY AND HARDWARE,5002,69.24,0.6924
RET#81880,Pihu Hardware,7125,RET#81880,PIHU HARDWARE,26641,373.91,3.7391
RET#50033,SM traders,7084,RET#50033,SM TRADERS,29623,418.17,4.1817
RET#61530,Raj sanitary store & sons,7072,RET#61530,RAJ SANITARY STORE & SONS,13731,194.16,1.9416
RET#54991,Pehalwan di hatti,6993,RET#54991,PEHALWAN DI HATTI,2419,34.59,0.3459
RET#22523,Billas builders mall,6905,RET#22523,BILLAS BUILDERS MALL,13440,194.64,1.9464
RET#31846,NUTAN SANITARY WARE,6890,RET#31846,NUTAN SANITARY WARE,21257,308.52,3.0852
RET#38025,SURYA SALES HARDWARE AND ELECTRICALS,6890,RET#38025,SURYA SALES HARDWARE AND ELECTRICALS,11727,170.20,1.7020
RET#67771,Bharat hardware and paints,6890,RET#67771,BHARAT HARDWARE AND PAINTS,6890,100.00,1.0000
RET#59991,Ashoka sanitary store,6780,RET#59991,ASHOKA SANITARY STORE,4005,59.07,0.5907
RET#69890,DHANESHWARI HARDWARE,6770,RET#69890,DHANESHWARI HARDWARE,111972,1653.94,16.5394
RET#62378,Sun shine sanitary,6756,RET#62378,SUN SHINE SANITARY,5690,84.22,0.8422
RET#87978,SHIV SHAKTI HARDWARE,6746,RET#87978,SHIV SHAKTI HARDWARE,11160,165.43,1.6543
RET#86172,BALIRAJA MACHINERY,6744,RET#86172,BALIRAJA MACHINERY,22328,331.08,3.3108
RET#9292,Priyanka Sanitary,6708,RET#9292,PRIYANKA SANITARY,18250,272.06,2.7206
RET#14577,Sai sakthi spares & Electricals,6695,RET#14577,SAI SAKTHI SPARES & ELECTRICALS,9867,147.38,1.4738
RET#60003,Mittal iron store,6567,RET#60003,MITTAL IRON STORE,1422,21.65,0.2165
RET#15838,Shree Jalaram Traders,6545,RET#15838,SHREE JALARAM TRADERS,4735,72.35,0.7235
RET#41234,M/s Madhav kumar Radhe sham,6492,RET#41234,M/S MADHAV KUMAR RADHE SHAM,4471,68.87,0.6887
RET#82499,Gandhi agro Agencies,6485,RET#82499,GANDHI AGRO AGENCIES,9908,152.78,1.5278
RET#9387,T P Enterprise,6477,RET#9387,T P ENTERPRISE,20756,320.46,3.2046
RET#18454,Raj shri hardware,6415,RET#18454,RAJ SHRI HARDWARE,150509,2346.20,23.4620
RET#81780,S.K traders,6414,RET#81780,S.K TRADERS,32290,503.43,5.0343
RET#35978,M/S Neha granites and marbles,6406,RET#35978,M/S NEHA GRANITES AND MARBLES,38404,599.50,5.9950
RET#73329,Lowkya Electricals,6369,RET#73329,LOWKYA ELECTRICALS,8635,135.58,1.3558
RET#73027,CAPITAL HARDWARE AND SANITARY,6289,RET#73027,CAPITAL HARDWARE AND SANITARY,68374,1087.20,10.8720
RET#69743,M/S Ashoka Machineary Store,5945,RET#69743,M/S ASHOKA MACHINEARY STORE,6528,109.81,1.0981
RET#20103,Maruti hardware and paints,5940,RET#20103,MARUTI HARDWARE AND PAINTS,1224,20.61,0.2061
RET#32897,Eshwari Agency,5940,RET#32897,ESHWARI AGENCY,11418,192.22,1.9222
RET#88916,Shiv Traders,5935,RET#88916,SHIV TRADERS,13809,232.67,2.3267
RET#17674,JANTA HARDWARE & ELECTRICALS,5862,RET#17674,JANTA HARDWARE & ELECTRICALS,14256,243.19,2.4319
RET#64255,Dango pump and sanitary,5753,RET#64255,DANGO PUMP AND SANITARY,5879,102.19,1.0219
RET#71730,VIJAY SALES CORPORATION,5702,RET#71730,VIJAY SALES CORPORATION,3740,65.59,0.6559
RET#73717,DEV SANITATION,5508,RET#73717,DEV SANITATION,35734,648.77,6.4877
RET#91140,Jyothi traders,5494,RET#91140,JYOTHI TRADERS,5492,99.96,0.9996
RET#32409,Shri balaji traders,5480,RET#32409,SHRI BALAJI TRADERS,59395,1083.85,10.8385
RET#94067,Siva Tiles & Granites,5456,RET#94067,SIVA TILES & GRANITES,3674,67.34,0.6734
RET#39048,Dinesh Shivhare Plumber works & material Suppliers,5417,RET#39048,DINESH SHIVHARE PLUMBER WORKS & MATERIAL SUPPLIERS,570,10.52,0.1052
RET#37426,Rudra Traders Hardware & Paint Store,5361,RET#37426,RUDRA TRADERS HARDWARE & PAINT STORE,3578,66.74,0.6674
RET#89351,Maa Enterprise,5188,RET#89351,MAA ENTERPRISE,6888,132.77,1.3277
RET#52145,Sai Traders,5166,RET#52145,SAI TRADERS,6090,117.89,1.1789
RET#30720,Focus Electricals and Plumbing,5100,RET#30720,FOCUS ELECTRICALS AND PLUMBING,3694,72.43,0.7243
RET#51869,Padmavathi Hardwares,5085,RET#51869,PADMAVATHI HARDWARES,31524,619.94,6.1994
RET#93801,Lakshmi hardware and power tools,4915,RET#93801,LAKSHMI HARDWARE AND POWER TOOLS,4553,92.63,0.9263
RET#60170,Rishab marble and sanitary,4914,RET#60170,RISHAB MARBLE AND SANITARY,7899,160.74,1.6074
RET#52390,Alok Marketing,4862,RET#52390,ALOK MARKETING,6314,129.86,1.2986
RET#74842,Zayan Traders,4788,RET#74842,ZAYAN TRADERS,6008,125.48,1.2548
RET#53769,Satguru Building Material Store,4720,RET#53769,SATGURU BUILDING MATERIAL STORE,8096,171.53,1.7153
RET#66807,G R hardware and sanitory,4594,RET#66807,G R HARDWARE AND SANITORY,8004,174.23,1.7423
RET#43127,Balaji Hardware and Electrical,4501,RET#43127,BALAJI HARDWARE AND ELECTRICAL,7480,166.19,1.6619
RET#89208,Shree Krishna Ceramics,4466,RET#89208,SHREE KRISHNA CERAMICS,6154,137.80,1.3780
RET#56564,Jai Durga trader,4345,RET#56564,JAI DURGA TRADER,7953,183.04,1.8304
RET#9860,M I Hardware &Sanitary,4267,RET#9860,M I HARDWARE &SANITARY,48647,1140.07,11.4007
RET#36166,Sejal sanitaryware,4030,RET#36166,SEJAL SANITARYWARE,9145,226.92,2.2692
RET#9841,Annapurna Hardware,3990,RET#9841,ANNAPURNA HARDWARE,50986,1277.84,12.7784
RET#71468,Kisan Sanitary,3966,RET#71468,KISAN SANITARY,3884,97.93,0.9793
RET#83902,Patel electrical hardware and paints,3900,RET#83902,PATEL ELECTRICAL HARDWARE AND PAINTS,5254,134.72,1.3472
RET#41177,N K sales Corp,3707,RET#41177,N K SALES CORP,11743,316.78,3.1678
RET#15808,AMBICA HARDWARE,3689,RET#15808,AMBICA HARDWARE,7416,201.03,2.0103
RET#40055,UMIYA HARDWARE STORES,3683,RET#40055,UMIYA HARDWARE STORES,5726,155.47,1.5547
RET#16516,Sai Electrical,3679,RET#16516,SAI ELECTRICAL,20340,552.87,5.5287
RET#13135,Kaushal Hindon Sanitary and Electricals,3573,RET#13135,KAUSHAL HINDON SANITARY AND ELECTRICALS,10128,283.46,2.8346
RET#38585,Tiles hub,3363,RET#38585,TILES HUB,1844,54.83,0.5483
RET#18501,Sachdeva Sanitation,3201,RET#18501,SACHDEVA SANITATION,6732,210.31,2.1031
RET#32909,Shri Gurudatta Hardware,3161,RET#32909,SHRI GURUDATTA HARDWARE,10945,346.25,3.4625
RET#43750,J.N.HARDWARE,3155,RET#43750,J.N.HARDWARE,13144,416.61,4.1661
RET#58945,Sidhi vinayak hardware sanitary,3067,RET#58945,SIDHI VINAYAK HARDWARE SANITARY,11676,380.70,3.8070
RET#88615,Ramdev Sanitary,3062,RET#88615,RAMDEV SANITARY,4418,144.28,1.4428
RET#88493,Grace traders,2937,RET#88493,GRACE TRADERS,4108,139.87,1.3987
RET#25777,Jai Maa Bhagwati,2804,RET#25777,JAI MAA BHAGWATI,2525,90.05,0.9005
RET#92446,Hanuman Hardware,2702,RET#92446,HANUMAN HARDWARE,2647,97.96,0.9796
RET#90093,DEVIKRUPA SANITARY AND BUILDING MATERIALS,2496,RET#90093,DEVIKRUPA SANITARY AND BUILDING MATERIALS,5249,210.30,2.1030
RET#15839,Giriraj Home Decor,2479,RET#15839,GIRIRAJ HOME DECOR,3186,128.52,1.2852
RET#23416,Sri Vishwakarma Electricals,2442,RET#23416,SRI VISHWAKARMA ELECTRICALS,2386,97.71,0.9771
RET#86469,SSS ELECTRICALS & PLUMBING,2400,RET#86469,SSS ELECTRICALS & PLUMBING,2398,99.92,0.9992
RET#13081,Shree Ji Sanitary Store,2156,RET#13081,SHREE JI SANITARY STORE,13760,638.22,6.3822
RET#86822,NEW DHARAMRAJ PAINTS & ELECTRIC HARDWARE,2143,RET#86822,NEW DHARAMRAJ PAINTS & ELECTRIC HARDWARE,8473,395.38,3.9538
RET#72576,Nattakal Traders,2028,RET#72576,NATTAKAL TRADERS,42394,2090.43,20.9043
RET#42981,Ambica Hardware,1833,RET#42981,AMBICA HARDWARE,6890,375.89,3.7589
RET#33904,M I G TRADING,1554,RET#33904,M I G TRADING,11332,729.21,7.2921
RET#88384,Sri saraswathi traders,1254,RET#88384,SRI SARASWATHI TRADERS,11917,950.32,9.5032
RET#54325,Vishal Enterprises,1055,RET#54325,VISHAL ENTERPRISES,99237,9406.35,94.0635
RET#56211,Sri Krishna enterprises,975,RET#56211,SRI KRISHNA ENTERPRISES,4797,492.00,4.9200
RET#73408,Ambika Electricals & Hardwares,974,RET#73408,AMBIKA ELECTRICALS & HARDWARES,13983,1435.63,14.3563
