line_uid,fy,invoice_no,invoice_date,month_label,customer,code,qty,sale_rate,amount,group_raw,group_canon,station,state_raw,state_canon,head_raw,head_canon,is_territory,type_raw,source,ingested_at,serial_no,sheet_confirmed_at,color,version_status,superseded_at,superseded_by,qty_ltr,channel
416b6d3a01182ae516da7672debcc22fc6ad737f,2026-27,22600626,2026-06-20T00:00:00.000Z,Jun-26,DIVEKAR MARKETING ASSOCIATES(MIRAJ),U121,25,13,329,UPVC,UPVC,MIRAJ,MAHARASTRA L,MAHARASHTRA,LALAN,Lalan Kumar,t,,sheets,2026-07-31T06:08:42.384Z,3031,2026-08-01T06:49:18.758Z,.,current,,,,Retail
d94f63d18b987bee83a4fc1edb9d4eb15c97cc87,2026-27,22600774,2026-06-30T00:00:00.000Z,Jun-26,ADINATH ENTERPRISES(PUNE),MHC-09,10,2070,20704,SANITARYWARE,Sanitaryware,PUNE,MAHARASTRA L,MAHARASHTRA,LALAN,Lalan Kumar,t,,sheets,2026-07-31T06:08:43.914Z,7674,2026-08-01T06:49:18.758Z,.,current,,,,Retail
0e15d99d40df87719a5f715c18428c69fe4a8abd,2026-27,22600774,2026-06-30T00:00:00.000Z,Jun-26,ADINATH ENTERPRISES(PUNE),MHC-06,3,945,2836,SANITARYWARE,Sanitaryware,PUNE,MAHARASTRA L,MAHARASHTRA,LALAN,Lalan Kumar,t,,sheets,2026-07-31T06:08:43.914Z,7675,2026-08-01T06:49:18.758Z,.,current,,,,Retail
c5038b7e085deb7349892531128f8272301e8479,2026-27,22600774,2026-06-30T00:00:00.000Z,Jun-26,ADINATH ENTERPRISES(PUNE),MHC-02,6,365,2191,SANITARYWARE,Sanitaryware,PUNE,MAHARASTRA L,MAHARASHTRA,LALAN,Lalan Kumar,t,,sheets,2026-07-31T06:08:43.914Z,7676,2026-08-01T06:49:18.758Z,.,current,,,,Retail
8249319c91be4b4a8a2abaee5c7478544733a62f,2026-27,22600774,2026-06-30T00:00:00.000Z,Jun-26,ADINATH ENTERPRISES(PUNE),MHC-08,10,1135,11353,SANITARYWARE,Sanitaryware,PUNE,MAHARASTRA L,MAHARASHTRA,LALAN,Lalan Kumar,t,,sheets,2026-07-31T06:08:43.914Z,7677,2026-08-01T06:49:18.758Z,.,current,,,,Retail
a532461def76c4cf1beee9deb6bdc9c6a9258850,2026-27,22600859,2026-06-30T00:00:00.000Z,Jun-26,SHREE SHYAM TRADING COMPANY,U21T,108,32,3423,UPVC,UPVC,Sangrur,PUNJAB,PUNJAB,SULINDER PAL,Sulinder Pal,t,,sheets,2026-07-31T06:08:44.495Z,10190,2026-08-01T06:49:18.758Z,.,current,,,,Retail
1c18913916ce6eb1bf824db5ed7da02f7c7f0395,2026-27,22600859,2026-06-30T00:00:00.000Z,Jun-26,SHREE SHYAM TRADING COMPANY,U22T,136,50,6671,UPVC,UPVC,Sangrur,PUNJAB,PUNJAB,SULINDER PAL,Sulinder Pal,t,,sheets,2026-07-31T06:08:44.495Z,10191,2026-08-01T06:49:18.758Z,.,current,,,,Retail
6a7bce00f8d0f7fe9e1b9d8004cf6cca344dd3d7,2026-27,22600859,2026-06-30T00:00:00.000Z,Jun-26,SHREE SHYAM TRADING COMPANY,U23T,80,91,7123,UPVC,UPVC,Sangrur,PUNJAB,PUNJAB,SULINDER PAL,Sulinder Pal,t,,sheets,2026-07-31T06:08:44.495Z,10192,2026-08-01T06:49:18.758Z,.,current,,,,Retail
ab1b464566b0dd0ba436e98b20b4b36df23f7aa2,2026-27,22600915,2026-06-30T00:00:00.000Z,Jun-26,VORA BUILDERS,MHC-06,6,945,5558,SANITARYWARE,Sanitaryware,SOLAPUR,MAHARASTRA L,MAHARASHTRA,LALAN,Lalan Kumar,t,,sheets,2026-07-31T06:08:44.839Z,12067,2026-08-01T06:49:18.758Z,.,current,,,,Retail
c457e2b8059f2bba66e7fab33ea6aed225e6f37d,2026-27,22600915,2026-06-30T00:00:00.000Z,Jun-26,VORA BUILDERS,MHC-10,2,2376,4657,SANITARYWARE,Sanitaryware,SOLAPUR,MAHARASTRA L,MAHARASHTRA,LALAN,Lalan Kumar,t,,sheets,2026-07-31T06:08:44.839Z,12068,2026-08-01T06:49:18.758Z,.,current,,,,Retail
7c4ff15b98d5c1797a06d87acb38513a8c12110c,2026-27,22600915,2026-06-30T00:00:00.000Z,Jun-26,VORA BUILDERS,MHC-02,12,365,4293,SANITARYWARE,Sanitaryware,SOLAPUR,MAHARASTRA L,MAHARASHTRA,LALAN,Lalan Kumar,t,,sheets,2026-07-31T06:08:44.839Z,12069,2026-08-01T06:49:18.758Z,.,current,,,,Retail
857bab07d94c789a5b213b37f02bf7d09afa3b3b,2026-27,22600915,2026-06-30T00:00:00.000Z,Jun-26,VORA BUILDERS,MHC-05,8,695,5450,SANITARYWARE,Sanitaryware,SOLAPUR,MAHARASTRA L,MAHARASHTRA,LALAN,Lalan Kumar,t,,sheets,2026-07-31T06:08:44.839Z,12070,2026-08-01T06:49:18.758Z,.,current,,,,Retail
b621094ab7732449436e1fa432b472c7b5fb306e,2026-27,32600199,2026-06-30T00:00:00.000Z,Jun-26,ARYAN HARDWARE STORE,HD32G,300,42,12258,HDPE PIPE,HDPE,Una,Himachal Pradesh,HIMACHAL PRADESH,SULINDER PAL,Sulinder Pal,t,,sheets,2026-07-31T06:08:44.495Z,11019,2026-08-01T06:49:18.758Z,.,current,,,,Retail
d9fbdd6f432b82de4eda6e6353e51c720a2cf68e,2026-27,32600199,2026-06-30T00:00:00.000Z,Jun-26,ARYAN HARDWARE STORE,HD20G,500,23,11173,HDPE PIPE,HDPE,Una,Himachal Pradesh,HIMACHAL PRADESH,SULINDER PAL,Sulinder Pal,t,,sheets,2026-07-31T06:08:44.495Z,11020,2026-08-01T06:49:18.758Z,.,current,,,,Retail
8ac961bac9e6201912d0bc8a874ab7fc0d4a7609,2026-27,32600201,2026-06-30T00:00:00.000Z,Jun-26,HIMALYA EXPORT,XPET32,2400,53,125139.67,HDPE PIPE,HDPE,hamirpur,Himachal Pradesh,HIMACHAL PRADESH,SULINDER PAL,Sulinder Pal,t,,sheets,2026-07-31T06:08:44.495Z,11070,2026-08-01T06:49:18.758Z,.,current,,,,Retail
3bcfba576f6ddf79c8a50d21cca56436d7ad6357,2026-27,32600201,2026-06-30T00:00:00.000Z,Jun-26,HIMALYA EXPORT,XPET20,7200,22,155245.27,HDPE PIPE,HDPE,hamirpur,Himachal Pradesh,HIMACHAL PRADESH,SULINDER PAL,Sulinder Pal,t,,sheets,2026-07-31T06:08:44.495Z,11071,2026-08-01T06:49:18.758Z,.,current,,,,Retail
a62df541f3111d19ad8142f3a829b4d21a095abd,2026-27,32600201,2026-06-30T00:00:00.000Z,Jun-26,HIMALYA EXPORT,XPET25,1500,30,44701,HDPE PIPE,HDPE,hamirpur,Himachal Pradesh,HIMACHAL PRADESH,SULINDER PAL,Sulinder Pal,t,,sheets,2026-07-31T06:08:44.839Z,11072,2026-08-01T06:49:18.758Z,.,current,,,,Retail
9f76de93ac3ed04e322e3167659738fa2a216d4b,2026-27,32600207,2026-06-30T00:00:00.000Z,Jun-26,AGGARWAL AGENCIES (KANGRA),XPET32,600,53,31922,HDPE PIPE,HDPE,Kangra,Himachal Pradesh,HIMACHAL PRADESH,SULINDER PAL,Sulinder Pal,t,,sheets,2026-07-31T06:08:45.054Z,12502,2026-08-01T06:49:18.758Z,.,current,,,,Govt
62bc5daeb485bdb6a0eda78457c4c9fcb9dfe2ff,2026-27,32600207,2026-06-30T00:00:00.000Z,Jun-26,AGGARWAL AGENCIES (KANGRA),XPET20,900,22,19802,HDPE PIPE,HDPE,Kangra,Himachal Pradesh,HIMACHAL PRADESH,SULINDER PAL,Sulinder Pal,t,,sheets,2026-07-31T06:08:45.054Z,12503,2026-08-01T06:49:18.758Z,.,current,,,,Govt
50fba2a5c27349729eafab7a73ff7b460edb18b1,2026-27,32600207,2026-06-30T00:00:00.000Z,Jun-26,AGGARWAL AGENCIES (KANGRA),HD20G,350,23,7982,HDPE PIPE,HDPE,Kangra,Himachal Pradesh,HIMACHAL PRADESH,SULINDER PAL,Sulinder Pal,t,,sheets,2026-07-31T06:08:45.054Z,12504,2026-08-01T06:49:18.758Z,.,current,,,,Govt
4c44b99057723ef0418d47cae00cf99244d73b2f,2026-27,22601037,2026-07-21T00:00:00.000Z,Jul-26,SHUBHAM POLYMER INDUSTRIES (HP),A-672,6,238,1401,AGRI,AGRI,Mandi,Himachal Pradesh,HIMACHAL PRADESH,SULINDER PAL,Sulinder Pal,t,,sheets,2026-08-08T04:17:32.808Z,3466,2026-08-08T04:17:32.474Z,.,current,,,,Retail
040d905a6c6b3c9a1793ea71217a6b1523653f25,2026-27,22601037,2026-07-21T00:00:00.000Z,Jul-26,SHUBHAM POLYMER INDUSTRIES (HP),5107,72,46,3254,SWR,SWR,Mandi,Himachal Pradesh,HIMACHAL PRADESH,SULINDER PAL,Sulinder Pal,t,,sheets,2026-08-08T04:17:32.808Z,3467,2026-08-08T04:17:32.474Z,.,current,,,,Retail
41988755e4ce92b4903d3908c96061bd0c47e31a,2026-27,22601037,2026-07-21T00:00:00.000Z,Jul-26,SHUBHAM POLYMER INDUSTRIES (HP),C74,25,310,7604,CPVC,CPVC,Mandi,Himachal Pradesh,HIMACHAL PRADESH,SULINDER PAL,Sulinder Pal,t,,sheets,2026-08-08T04:17:32.808Z,3468,2026-08-08T04:17:32.474Z,.,current,,,,Retail
afa1e686f3219e74ea122f4eea1e3ce2feac4136,2026-27,22601037,2026-07-21T00:00:00.000Z,Jul-26,SHUBHAM POLYMER INDUSTRIES (HP),A-503,150,14,2001,AGRI,AGRI,Mandi,Himachal Pradesh,HIMACHAL PRADESH,SULINDER PAL,Sulinder Pal,t,,sheets,2026-08-08T04:17:32.808Z,3469,2026-08-08T04:17:32.474Z,.,current,,,,Retail
07c128bf75b8d31d0c5e9eeda490de26dd9f1a15,2026-27,22601037,2026-07-21T00:00:00.000Z,Jul-26,SHUBHAM POLYMER INDUSTRIES (HP),A-504,75,23,1684,AGRI,AGRI,Mandi,Himachal Pradesh,HIMACHAL PRADESH,SULINDER PAL,Sulinder Pal,t,,sheets,2026-08-08T04:17:32.808Z,3470,2026-08-08T04:17:32.474Z,.,current,,,,Retail
0191debdaecb2bb717ad909131e0fad0a258b4d9,2026-27,22601037,2026-07-21T00:00:00.000Z,Jul-26,SHUBHAM POLYMER INDUSTRIES (HP),A-671,48,243,11421,AGRI,AGRI,Mandi,Himachal Pradesh,HIMACHAL PRADESH,SULINDER PAL,Sulinder Pal,t,,sheets,2026-08-08T04:17:32.808Z,3471,2026-08-08T04:17:32.474Z,.,current,,,,Retail
c126291c79991947810e3ac4a34b601a156241d9,2026-27,22601037,2026-07-21T00:00:00.000Z,Jul-26,SHUBHAM POLYMER INDUSTRIES (HP),A-670,48,203,9549,AGRI,AGRI,Mandi,Himachal Pradesh,HIMACHAL PRADESH,SULINDER PAL,Sulinder Pal,t,,sheets,2026-08-08T04:17:32.808Z,3472,2026-08-08T04:17:32.474Z,.,current,,,,Retail
fffd451c52cb9ce9fce99af6a7be7df4f498e50b,2026-27,22601037,2026-07-21T00:00:00.000Z,Jul-26,SHUBHAM POLYMER INDUSTRIES (HP),A-669,40,165,6475,AGRI,AGRI,Mandi,Himachal Pradesh,HIMACHAL PRADESH,SULINDER PAL,Sulinder Pal,t,,sheets,2026-08-08T04:17:32.808Z,3473,2026-08-08T04:17:32.474Z,.,current,,,,Retail
497c116236bb68403de78230bc16584ed6bc5a3d,2026-27,22601063,2026-07-23T00:00:00.000Z,Jul-26,SS STEEL AND FURNITURE INDUSTRY,MHC-08,8,1135,8901,SANITARYWARE,Sanitaryware,Kangra,Himachal Pradesh,HIMACHAL PRADESH,SULINDER PAL,Sulinder Pal,t,,sheets,2026-08-08T04:17:32.808Z,4351,2026-08-08T04:17:32.474Z,.,current,,,,Retail
d6958e956544b17af56af6e1d0d9132930b6a538,2026-27,32600307,2026-07-30T00:00:00.000Z,Jul-26,GAYA TRADERS,BR364TG,6,679,3994,GARDEN PIPE,Garden Pipe,Prayagraj,UP ( R ),UTTAR PRADESH,RIZVI JI,Syed Aqil Rizvi,t,,sheets,2026-08-08T04:17:32.808Z,8020,2026-08-08T04:17:32.474Z,.,current,,,,Retail
b42a4acd402e55d33c4995a695cc00b0a4146521,2026-27,32600307,2026-07-30T00:00:00.000Z,Jul-26,GAYA TRADERS,GP-367-MW,4,1300,5098,GARDEN PIPE,Garden Pipe,Prayagraj,UP ( R ),UTTAR PRADESH,RIZVI JI,Syed Aqil Rizvi,t,,sheets,2026-08-08T04:17:32.808Z,8021,2026-08-08T04:17:32.474Z,.,current,,,,Retail
5a3ba0023c2b4d4cb43aaa5c98d129114032a4fe,2026-27,12605794,2026-07-31T00:00:00.000Z,Jul-26,UPPAL SANITARY STORE,H852-DD,6,7388,43447,SINK,Sink,AMRITSAR,PUNJAB,PUNJAB,SULINDER PAL,Sulinder Pal,t,,sheets,2026-08-08T04:17:32.808Z,11166,2026-08-08T04:17:32.474Z,.,current,,,,Retail
3e2b429c862da6b9da18b18e5a28dcfc5c1d34f1,2026-27,12605794,2026-07-31T00:00:00.000Z,Jul-26,UPPAL SANITARY STORE,H821-DD,4,3455,13545,SINK,Sink,AMRITSAR,PUNJAB,PUNJAB,SULINDER PAL,Sulinder Pal,t,,sheets,2026-08-08T04:17:32.808Z,11167,2026-08-08T04:17:32.474Z,.,current,,,,Retail
59d00f3f21dcea1b5bf83c27cc6b403ee148f5b5,2026-27,12605903,2026-07-31T00:00:00.000Z,Jul-26,SIDDHI VINAYAK ELECTRICALS (RJ),326,100,76,7452,CONNECTION,Connection / Waste,JAIPUR,Rajasthan,RAJASTHAN,PAWAN KUMAR,Pawan Sharma,t,,sheets,2026-08-08T04:17:32.808Z,11610,2026-08-08T04:17:32.474Z,WHITE,current,,,,Retail
a17bcd39ef0c9d14e14579d215ed892f09488636,2026-27,12605903,2026-07-31T00:00:00.000Z,Jul-26,SIDDHI VINAYAK ELECTRICALS (RJ),3272,200,33,6459,WASTE PIPE,Connection / Waste,JAIPUR,Rajasthan,RAJASTHAN,PAWAN KUMAR,Pawan Sharma,t,,sheets,2026-08-08T04:17:32.808Z,11611,2026-08-08T04:17:32.474Z,WHITE,current,,,,Retail
62acd195cf3440f70d7181324e4e151a0c58733a,2026-27,12605903,2026-07-31T00:00:00.000Z,Jul-26,SIDDHI VINAYAK ELECTRICALS (RJ),324,100,52,5134,CONNECTION,Connection / Waste,JAIPUR,Rajasthan,RAJASTHAN,PAWAN KUMAR,Pawan Sharma,t,,sheets,2026-08-08T04:17:32.808Z,11612,2026-08-08T04:17:32.474Z,WHITE,current,,,,Retail
702d527877c4e8a64e82378b45996d1e47c8cdcb,2026-27,12605923,2026-07-31T00:00:00.000Z,Jul-26,SIDDHI VINAYAK ELECTRICALS (RJ),187,22,279,6024,PTMT,PTMT / Faucets,JAIPUR,Rajasthan,RAJASTHAN,PAWAN KUMAR,Pawan Sharma,t,,sheets,2026-08-08T04:17:32.808Z,11752,2026-08-08T04:17:32.474Z,WHITE,current,,,,Retail
618578e1f951b8219c49dab6ba3236328b7e1c75,2026-27,12605923,2026-07-31T00:00:00.000Z,Jul-26,SIDDHI VINAYAK ELECTRICALS (RJ),323,100,44,4306,CONNECTION,Connection / Waste,JAIPUR,Rajasthan,RAJASTHAN,PAWAN KUMAR,Pawan Sharma,t,,sheets,2026-08-08T04:17:32.808Z,11753,2026-08-08T04:17:32.474Z,WHITE,current,,,,Retail
54eb007d7e3f45e3936930ab6ea9099e61245ddf,2026-27,12605923,2026-07-31T00:00:00.000Z,Jul-26,SIDDHI VINAYAK ELECTRICALS (RJ),121-O,108,105,11076,PTMT,PTMT / Faucets,JAIPUR,Rajasthan,RAJASTHAN,PAWAN KUMAR,Pawan Sharma,t,,sheets,2026-08-08T04:17:32.808Z,11754,2026-08-08T04:17:32.474Z,WHITE,current,,,,Retail
134b0c2992b4d0654d8010293f01606eff9e8b6c,2026-27,12605923,2026-07-31T00:00:00.000Z,Jul-26,SIDDHI VINAYAK ELECTRICALS (RJ),324,100,52,5134,CONNECTION,Connection / Waste,JAIPUR,Rajasthan,RAJASTHAN,PAWAN KUMAR,Pawan Sharma,t,,sheets,2026-08-08T04:17:32.808Z,11755,2026-08-08T04:17:32.474Z,WHITE,current,,,,Retail
e7feb80fa8a33cb583cf2e22fa26a4986ab5cce3,2026-27,12605923,2026-07-31T00:00:00.000Z,Jul-26,SIDDHI VINAYAK ELECTRICALS (RJ),124-O,60,140,8243,PTMT,PTMT / Faucets,JAIPUR,Rajasthan,RAJASTHAN,PAWAN KUMAR,Pawan Sharma,t,,sheets,2026-08-08T04:17:32.808Z,11756,2026-08-08T04:17:32.474Z,WHITE,current,,,,Retail
8e3ab7a202c9726f1e1ab197bdd20c60f0b09b0a,2026-27,12605923,2026-07-31T00:00:00.000Z,Jul-26,SIDDHI VINAYAK ELECTRICALS (RJ),325,200,63,12255,CONNECTION,Connection / Waste,JAIPUR,Rajasthan,RAJASTHAN,PAWAN KUMAR,Pawan Sharma,t,,sheets,2026-08-08T04:17:32.808Z,11757,2026-08-08T04:17:32.474Z,WHITE,current,,,,Retail
a19e7ad44eee7023a18e7614ff0e1ec92797cbaa,2026-27,12605923,2026-07-31T00:00:00.000Z,Jul-26,SIDDHI VINAYAK ELECTRICALS (RJ),144-O,132,104,13413,PTMT,PTMT / Faucets,JAIPUR,Rajasthan,RAJASTHAN,PAWAN KUMAR,Pawan Sharma,t,,sheets,2026-08-08T04:17:32.808Z,11758,2026-08-08T04:17:32.474Z,WHITE,current,,,,Retail
d506fe686c85e381e9fddf58cc2564db74b28ade,2026-27,12605923,2026-07-31T00:00:00.000Z,Jul-26,SIDDHI VINAYAK ELECTRICALS (RJ),1375-QG,6,981,5770,PTMT,PTMT / Faucets,JAIPUR,Rajasthan,RAJASTHAN,PAWAN KUMAR,Pawan Sharma,t,,sheets,2026-08-08T04:17:32.808Z,11759,2026-08-08T04:17:32.474Z,GOLD,current,,,,Retail
9d6f3f7610fc4dc66a8313b7d2acb8d660288aa9,2026-27,12605923,2026-07-31T00:00:00.000Z,Jul-26,SIDDHI VINAYAK ELECTRICALS (RJ),134-QG,13,830,10580,PTMT,PTMT / Faucets,JAIPUR,Rajasthan,RAJASTHAN,PAWAN KUMAR,Pawan Sharma,t,,sheets,2026-08-08T04:17:32.808Z,11760,2026-08-08T04:17:32.474Z,GOLD,current,,,,Retail
acebe9233cbbd7b7d0672136aeeed7574a72f771,2026-27,12605923,2026-07-31T00:00:00.000Z,Jul-26,SIDDHI VINAYAK ELECTRICALS (RJ),501,20,655,12840,CISTERN,CISTERN,JAIPUR,Rajasthan,RAJASTHAN,PAWAN KUMAR,Pawan Sharma,t,,sheets,2026-08-08T04:17:32.808Z,11761,2026-08-08T04:17:32.474Z,WHITE,current,,,,Retail
072687ffd5afe30db39e306b253c93f29caf1e61,2026-27,22601297,2026-07-31T00:00:00.000Z,Jul-26,AJIT TRADING CO.,UF12,30,90,2653,UPVC,UPVC,Mahesana,Gujarat,GUJARAT,SUNIL PATEL,Sunil Patel,t,,sheets,2026-08-08T04:17:32.808Z,10474,2026-08-08T04:17:32.474Z,.,current,,,,Retail
85db08c97e42e88dba6276653fea85fb5f86d2b7,2026-27,22601297,2026-07-31T00:00:00.000Z,Jul-26,AJIT TRADING CO.,UF13,36,150,5277,UPVC,UPVC,Mahesana,Gujarat,GUJARAT,SUNIL PATEL,Sunil Patel,t,,sheets,2026-08-08T04:17:32.808Z,10475,2026-08-08T04:17:32.474Z,.,current,,,,Retail
939f363312af3bdbca122fdb2216cdcc4dc500be,2026-27,22601297,2026-07-31T00:00:00.000Z,Jul-26,AJIT TRADING CO.,AS-443,12,381,4484,AGRI,AGRI,Mahesana,Gujarat,GUJARAT,SUNIL PATEL,Sunil Patel,t,,sheets,2026-08-08T04:17:32.808Z,10476,2026-08-08T04:17:32.474Z,.,current,,,,Retail
8b7a04932cf78d0462c9fb9284a8d8495770543a,2026-27,22601298,2026-07-31T00:00:00.000Z,Jul-26,AJIT TRADING CO.,U15,40,110,4328,UPVC,UPVC,Mahesana,Gujarat,GUJARAT,SUNIL PATEL,Sunil Patel,t,,sheets,2026-08-08T04:17:32.808Z,10477,2026-08-08T04:17:32.474Z,.,current,,,,Retail
66d668edbead3ec5e2a123f0dc2b24469e41b7ca,2026-27,22601371,2026-07-31T00:00:00.000Z,Jul-26,MAHESH CHAND GUPTA,C58,150,483,72413,CPVC,CPVC,RAJASTHAN,GOVT,Non-territory / Project / Govt,GOVT,Non-territory / Project / Govt,f,,sheets,2026-08-08T04:17:32.808Z,13184,2026-08-08T04:17:32.474Z,.,current,,,,Govt
b7b892eea1fabedbd894f657159ec87408577cbf,2026-27,32600334,2026-07-31T00:00:00.000Z,Jul-26,SHUBHAM POLYMER INDUSTRIES (HP),HD20G,1250,24,29306,HDPE PIPE,HDPE,Mandi,Himachal Pradesh,HIMACHAL PRADESH,SULINDER PAL,Sulinder Pal,t,,sheets,2026-08-08T04:17:32.808Z,12681,2026-08-08T04:17:32.474Z,.,current,,,,Retail
53502a7df9de8dcec95c61fcd537c93b2efb2ffb,2026-27,32600335,2026-07-31T00:00:00.000Z,Jul-26,SHUBHAM POLYMER INDUSTRIES (HP),HD20G,1500,24,35167,HDPE PIPE,HDPE,Mandi,Himachal Pradesh,HIMACHAL PRADESH,SULINDER PAL,Sulinder Pal,t,,sheets,2026-08-08T04:17:32.808Z,12688,2026-08-08T04:17:32.474Z,.,current,,,,Retail
de6d923d4a63a5b4516ea26b7eb22194b97c8e36,2026-27,32600338,2026-07-31T00:00:00.000Z,Jul-26,ROHIT INDUSTRIES (KASHIPUR),WCT-3LL-07,6,3301,19412,WATER TANK,WATER TANK,Udham Singh Nagar,Uttarakhand,UTTARAKHAND,ANANT SINGH,Anant Singh,t,,sheets,2026-08-08T04:17:32.808Z,12752,2026-08-08T04:17:32.474Z,WHITE,current,,,4500,Retail
16f0efb7088ffde1a1a67268eece3e720ad4f081,2026-27,32600338,2026-07-31T00:00:00.000Z,Jul-26,ROHIT INDUSTRIES (KASHIPUR),WCT-3LL-10,16,4400,69005,WATER TANK,WATER TANK,Udham Singh Nagar,Uttarakhand,UTTARAKHAND,ANANT SINGH,Anant Singh,t,,sheets,2026-08-08T04:17:32.808Z,12753,2026-08-08T04:17:32.474Z,WHITE,current,,,16000,Retail
c2c73350a7983f836e74aa0eba9e975d00164f47,2026-27,32600347,2026-07-31T00:00:00.000Z,Jul-26,Shree Ambay Hardware (RJ),WCT-3LL-05,44,2151,92747,WATER TANK,WATER TANK,BHARATPUR,Rajasthan,RAJASTHAN,PAWAN KUMAR,Pawan Sharma,t,,sheets,2026-08-08T04:17:32.808Z,12987,2026-08-08T04:17:32.474Z,WHITE,current,,,22000,Retail
a8f47f7aa21ee1e76e7407fe56ddc24c162dba16,2026-27,22601635,2026-08-30T00:00:00.000Z,Aug-26,EXPO INCORPORATION,CH79,16,486,7621,CPVC,CPVC,AHMEDABAD,Gujarat,GUJARAT,SUNIL PATEL,Sunil Patel,t,,sheets,2026-09-06T09:33:08.350Z,7366,2026-09-06T09:33:08.147Z,.,current,,,,Retail
bd45755f7d34abe8a7f9b61a2af9aa4df104ecac,2026-27,12607344,2026-08-31T00:00:00.000Z,Aug-26,WAHID MARKETING (WADI),BOS-107,12,651,7658,CP ACCESSORIES,CP (Chrome-Plated),WADI,MAHARASTRA R,MAHARASHTRA,RIZVI JI,Syed Aqil Rizvi,t,,sheets,2026-09-06T09:33:08.350Z,8645,2026-09-06T09:33:08.147Z,.,current,,,,Retail
040dd19a2c06fca422f934efcbbcf3229e055855,2026-27,12607344,2026-08-31T00:00:00.000Z,Aug-26,WAHID MARKETING (WADI),BS-79SS,5,476,2335,CP ACCESSORIES,CP (Chrome-Plated),WADI,MAHARASTRA R,MAHARASHTRA,RIZVI JI,Syed Aqil Rizvi,t,,sheets,2026-09-06T09:33:08.350Z,8646,2026-09-06T09:33:08.147Z,.,current,,,,Retail
1894c2d9fab44874e9167b3e787f33e92667485f,2026-27,12607344,2026-08-31T00:00:00.000Z,Aug-26,WAHID MARKETING (WADI),BA-10S,10,433,4240,CP ACCESSORIES,CP (Chrome-Plated),WADI,MAHARASTRA R,MAHARASHTRA,RIZVI JI,Syed Aqil Rizvi,t,,sheets,2026-09-06T09:33:08.350Z,8647,2026-09-06T09:33:08.147Z,.,current,,,,Retail
6dfbc8ae1199a3dec38dd93b25386879ddf07e40,2026-27,12607344,2026-08-31T00:00:00.000Z,Aug-26,WAHID MARKETING (WADI),BA-11S,10,302,2955,CP ACCESSORIES,CP (Chrome-Plated),WADI,MAHARASTRA R,MAHARASHTRA,RIZVI JI,Syed Aqil Rizvi,t,,sheets,2026-09-06T09:33:08.350Z,8648,2026-09-06T09:33:08.147Z,.,current,,,,Retail
de8e84c2dd73c59963a8a413c01571cf0f0e2b06,2026-27,12607344,2026-08-31T00:00:00.000Z,Aug-26,WAHID MARKETING (WADI),BEA-95,10,433,4240,CP ACCESSORIES,CP (Chrome-Plated),WADI,MAHARASTRA R,MAHARASHTRA,RIZVI JI,Syed Aqil Rizvi,t,,sheets,2026-09-06T09:33:08.350Z,8649,2026-09-06T09:33:08.147Z,.,current,,,,Retail
0f3f620e89df52286d2bb01759c6c1ae88249a5d,2026-27,12607344,2026-08-31T00:00:00.000Z,Aug-26,WAHID MARKETING (WADI),BEA-195A,10,463,4540,CP ACCESSORIES,CP (Chrome-Plated),WADI,MAHARASTRA R,MAHARASHTRA,RIZVI JI,Syed Aqil Rizvi,t,,sheets,2026-09-06T09:33:08.350Z,8650,2026-09-06T09:33:08.147Z,.,current,,,,Retail
02df18af157810270dbb19d5bbfadd777008543b,2026-27,12607344,2026-08-31T00:00:00.000Z,Aug-26,WAHID MARKETING (WADI),BEA-522,10,179,1756,CP ACCESSORIES,CP (Chrome-Plated),WADI,MAHARASTRA R,MAHARASHTRA,RIZVI JI,Syed Aqil Rizvi,t,,sheets,2026-09-06T09:33:08.350Z,8651,2026-09-06T09:33:08.147Z,.,current,,,,Retail

